# tabula nodorum: extractum KnotInfo (C. Livingston, A. H. Moore,
# knotinfo.math.indiana.edu) per database_knotinfo 2026.10.5
# (github.com/soehms/database_knotinfo), knotinfo_data_complete.csv
# sha256 eb511ebc61204bc1c6d700d9da42257dcbb0369cb6756e89ed978a7821867c7d
# columnae: titulus, transitus, symmetria, codex PD (KnotTheory)
# GENERATUM: tools/tabula_nodorum_extrahere.sh - NE EDITA MANU
0_1	0		
3_1	3	reversible	[[1,5,2,4],[3,1,4,6],[5,3,6,2]]
4_1	4	fully amphicheiral	[[4,2,5,1],[8,6,1,5],[6,3,7,4],[2,7,3,8]]
5_1	5	reversible	[[2,8,3,7],[4,10,5,9],[6,2,7,1],[8,4,9,3],[10,6,1,5]]
5_2	5	reversible	[[1,5,2,4],[3,9,4,8],[5,1,6,10],[7,3,8,2],[9,7,10,6]]
6_1	6	reversible	[[1,7,2,6],[3,10,4,11],[5,3,6,2],[7,1,8,12],[9,4,10,5],[11,9,12,8]]
6_2	6	reversible	[[1,8,2,9],[3,11,4,10],[5,1,6,12],[7,2,8,3],[9,7,10,6],[11,5,12,4]]
6_3	6	fully amphicheiral	[[4,2,5,1],[8,4,9,3],[12,9,1,10],[10,5,11,6],[6,11,7,12],[2,8,3,7]]
7_1	7	reversible	[[1,9,2,8],[3,11,4,10],[5,13,6,12],[7,1,8,14],[9,3,10,2],[11,5,12,4],[13,7,14,6]]
7_2	7	reversible	[[2,10,3,9],[4,14,5,13],[6,12,7,11],[8,2,9,1],[10,8,11,7],[12,6,13,5],[14,4,1,3]]
7_3	7	reversible	[[1,9,2,8],[3,11,4,10],[5,1,6,14],[7,13,8,12],[9,3,10,2],[11,5,12,4],[13,7,14,6]]
7_4	7	reversible	[[2,10,3,9],[4,12,5,11],[6,14,7,13],[8,4,9,3],[10,2,11,1],[12,8,13,7],[14,6,1,5]]
7_5	7	reversible	[[2,10,3,9],[4,2,5,1],[6,14,7,13],[8,12,9,11],[10,4,11,3],[12,6,13,5],[14,8,1,7]]
7_6	7	reversible	[[1,13,2,12],[3,9,4,8],[5,1,6,14],[7,10,8,11],[9,3,10,2],[11,6,12,7],[13,5,14,4]]
7_7	7	reversible	[[1,10,2,11],[3,13,4,12],[5,14,6,1],[7,5,8,4],[9,2,10,3],[11,9,12,8],[13,6,14,7]]
8_1	8	reversible	[[1,9,2,8],[3,7,4,6],[5,12,6,13],[7,3,8,2],[9,1,10,16],[11,15,12,14],[13,4,14,5],[15,11,16,10]]
8_2	8	reversible	[[1,10,2,11],[3,13,4,12],[5,15,6,14],[7,1,8,16],[9,2,10,3],[11,9,12,8],[13,5,14,4],[15,7,16,6]]
8_3	8	fully amphicheiral	[[6,2,7,1],[14,10,15,9],[10,5,11,6],[12,3,13,4],[4,11,5,12],[2,13,3,14],[16,8,1,7],[8,16,9,15]]
8_4	8	reversible	[[2,11,3,12],[4,9,5,10],[6,16,7,15],[8,14,9,13],[10,1,11,2],[12,3,13,4],[14,8,15,7],[16,6,1,5]]
8_5	8	reversible	[[1,7,2,6],[3,9,4,8],[5,12,6,13],[7,3,8,2],[9,15,10,14],[11,1,12,16],[13,4,14,5],[15,11,16,10]]
8_6	8	reversible	[[2,9,3,10],[4,14,5,13],[6,16,7,15],[8,12,9,11],[10,1,11,2],[12,8,13,7],[14,6,15,5],[16,4,1,3]]
8_7	8	reversible	[[2,9,3,10],[4,14,5,13],[6,15,7,16],[8,1,9,2],[10,5,11,6],[12,4,13,3],[14,12,15,11],[16,7,1,8]]
8_8	8	reversible	[[1,7,2,6],[3,12,4,13],[5,9,6,8],[7,3,8,2],[9,16,10,1],[11,14,12,15],[13,4,14,5],[15,10,16,11]]
8_9	8	fully amphicheiral	[[6,2,7,1],[14,8,15,7],[10,3,11,4],[2,13,3,14],[12,5,13,6],[4,11,5,12],[16,10,1,9],[8,16,9,15]]
8_10	8	reversible	[[2,14,3,13],[4,9,5,10],[6,11,7,12],[8,15,9,16],[10,5,11,6],[12,2,13,1],[14,7,15,8],[16,4,1,3]]
8_11	8	reversible	[[1,10,2,11],[3,13,4,12],[5,15,6,14],[7,1,8,16],[9,2,10,3],[11,9,12,8],[13,7,14,6],[15,5,16,4]]
8_12	8	fully amphicheiral	[[4,2,5,1],[10,8,11,7],[8,3,9,4],[2,9,3,10],[14,6,15,5],[16,11,1,12],[12,15,13,16],[6,14,7,13]]
8_13	8	reversible	[[1,9,2,8],[3,14,4,15],[5,12,6,13],[7,11,8,10],[9,3,10,2],[11,16,12,1],[13,4,14,5],[15,6,16,7]]
8_14	8	reversible	[[2,12,3,11],[4,8,5,7],[6,15,7,16],[8,14,9,13],[10,2,11,1],[12,10,13,9],[14,4,15,3],[16,5,1,6]]
8_15	8	reversible	[[1,7,2,6],[3,15,4,14],[5,9,6,8],[7,3,8,2],[9,13,10,12],[11,1,12,16],[13,5,14,4],[15,11,16,10]]
8_16	8	reversible	[[2,7,3,8],[4,10,5,9],[6,1,7,2],[8,14,9,13],[10,15,11,16],[12,6,13,5],[14,3,15,4],[16,11,1,12]]
8_17	8	negative amphicheiral	[[6,2,7,1],[14,8,15,7],[8,3,9,4],[2,13,3,14],[12,5,13,6],[4,9,5,10],[16,12,1,11],[10,16,11,15]]
8_18	8	fully amphicheiral	[[6,2,7,1],[8,3,9,4],[16,11,1,12],[2,14,3,13],[4,15,5,16],[10,6,11,5],[12,7,13,8],[14,10,15,9]]
8_19	8	reversible	[[2,14,3,13],[5,11,6,10],[7,15,8,14],[9,5,10,4],[11,7,12,6],[12,2,13,1],[15,9,16,8],[16,4,1,3]]
8_20	8	reversible	[[1,7,2,6],[4,13,5,14],[5,9,6,8],[7,3,8,2],[10,15,11,16],[12,9,13,10],[14,3,15,4],[16,11,1,12]]
8_21	8	reversible	[[1,7,2,6],[4,13,5,14],[5,9,6,8],[7,3,8,2],[9,13,10,12],[11,1,12,16],[14,3,15,4],[15,11,16,10]]
9_1	9	reversible	[[1,11,2,10],[3,13,4,12],[5,15,6,14],[7,17,8,16],[9,1,10,18],[11,3,12,2],[13,5,14,4],[15,7,16,6],[17,9,18,8]]
9_2	9	reversible	[[2,8,3,7],[4,14,5,13],[6,4,7,3],[8,2,9,1],[10,18,11,17],[12,16,13,15],[14,6,15,5],[16,12,17,11],[18,10,1,9]]
9_3	9	reversible	[[1,11,2,10],[3,15,4,14],[5,13,6,12],[7,17,8,16],[9,1,10,18],[11,3,12,2],[13,5,14,4],[15,7,16,6],[17,9,18,8]]
9_4	9	reversible	[[2,14,3,13],[4,12,5,11],[6,16,7,15],[8,18,9,17],[10,6,11,5],[12,4,13,3],[14,2,15,1],[16,8,17,7],[18,10,1,9]]
9_5	9	reversible	[[2,14,3,13],[4,12,5,11],[6,16,7,15],[8,18,9,17],[10,6,11,5],[12,4,13,3],[14,2,15,1],[16,10,17,9],[18,8,1,7]]
9_6	9	reversible	[[1,13,2,12],[3,7,4,6],[5,15,6,14],[7,3,8,2],[9,17,10,16],[11,1,12,18],[13,5,14,4],[15,9,16,8],[17,11,18,10]]
9_7	9	reversible	[[2,10,3,9],[4,12,5,11],[6,16,7,15],[8,6,9,5],[10,4,11,3],[12,2,13,1],[14,18,15,17],[16,8,17,7],[18,14,1,13]]
9_8	9	reversible	[[1,16,2,17],[3,14,4,15],[5,11,6,10],[7,1,8,18],[9,13,10,12],[11,7,12,6],[13,4,14,5],[15,2,16,3],[17,9,18,8]]
9_9	9	reversible	[[1,13,2,12],[3,9,4,8],[5,15,6,14],[7,17,8,16],[9,3,10,2],[11,1,12,18],[13,5,14,4],[15,7,16,6],[17,11,18,10]]
9_10	9	reversible	[[1,13,2,12],[3,11,4,10],[5,17,6,16],[7,15,8,14],[9,1,10,18],[11,3,12,2],[13,5,14,4],[15,7,16,6],[17,9,18,8]]
9_11	9	reversible	[[2,7,3,8],[4,13,5,14],[6,15,7,16],[8,12,9,11],[10,17,11,18],[12,3,13,4],[14,5,15,6],[16,2,17,1],[18,9,1,10]]
9_12	9	reversible	[[2,9,3,10],[4,16,5,15],[6,14,7,13],[8,3,9,4],[10,18,11,17],[12,8,13,7],[14,6,15,5],[16,2,17,1],[18,12,1,11]]
9_13	9	reversible	[[2,12,3,11],[4,14,5,13],[6,16,7,15],[8,18,9,17],[10,6,11,5],[12,4,13,3],[14,2,15,1],[16,10,17,9],[18,8,1,7]]
9_14	9	reversible	[[1,12,2,13],[3,10,4,11],[5,16,6,17],[7,1,8,18],[9,4,10,5],[11,2,12,3],[13,9,14,8],[15,6,16,7],[17,15,18,14]]
9_15	9	reversible	[[2,9,3,10],[4,7,5,8],[6,15,7,16],[8,3,9,4],[10,14,11,13],[12,17,13,18],[14,5,15,6],[16,2,17,1],[18,11,1,12]]
9_16	9	reversible	[[1,9,2,8],[3,11,4,10],[5,15,6,14],[7,5,8,4],[9,3,10,2],[11,17,12,16],[13,1,14,18],[15,7,16,6],[17,13,18,12]]
9_17	9	reversible	[[1,9,2,8],[3,12,4,13],[5,16,6,17],[7,1,8,18],[9,3,10,2],[11,4,12,5],[13,11,14,10],[15,6,16,7],[17,15,18,14]]
9_18	9	reversible	[[2,12,3,11],[4,2,5,1],[6,16,7,15],[8,14,9,13],[10,18,11,17],[12,4,13,3],[14,8,15,7],[16,10,17,9],[18,6,1,5]]
9_19	9	reversible	[[2,14,3,13],[4,11,5,12],[6,4,7,3],[8,17,9,18],[10,5,11,6],[12,8,13,7],[14,2,15,1],[16,9,17,10],[18,16,1,15]]
9_20	9	reversible	[[1,11,2,10],[3,16,4,17],[5,13,6,12],[7,3,8,2],[9,1,10,18],[11,15,12,14],[13,7,14,6],[15,4,16,5],[17,9,18,8]]
9_21	9	reversible	[[2,7,3,8],[4,13,5,14],[6,15,7,16],[8,12,9,11],[10,17,11,18],[12,5,13,6],[14,3,15,4],[16,2,17,1],[18,9,1,10]]
9_22	9	reversible	[[1,7,2,6],[3,8,4,9],[5,14,6,15],[7,11,8,10],[9,2,10,3],[11,17,12,16],[13,1,14,18],[15,4,16,5],[17,13,18,12]]
9_23	9	reversible	[[2,16,3,15],[4,12,5,11],[6,4,7,3],[8,18,9,17],[10,14,11,13],[12,6,13,5],[14,8,15,7],[16,2,17,1],[18,10,1,9]]
9_24	9	reversible	[[1,13,2,12],[3,7,4,6],[5,1,6,18],[7,14,8,15],[9,16,10,17],[11,3,12,2],[13,10,14,11],[15,8,16,9],[17,5,18,4]]
9_25	9	reversible	[[2,10,3,9],[4,17,5,18],[6,12,7,11],[8,4,9,3],[10,14,11,13],[12,8,13,7],[14,2,15,1],[16,5,17,6],[18,16,1,15]]
9_26	9	reversible	[[2,10,3,9],[4,11,5,12],[6,17,7,18],[8,15,9,16],[10,14,11,13],[12,3,13,4],[14,2,15,1],[16,5,17,6],[18,7,1,8]]
9_27	9	reversible	[[2,9,3,10],[4,7,5,8],[6,14,7,13],[8,15,9,16],[10,18,11,17],[12,3,13,4],[14,6,15,5],[16,2,17,1],[18,12,1,11]]
9_28	9	reversible	[[1,16,2,17],[3,15,4,14],[5,3,6,2],[7,13,8,12],[9,7,10,6],[11,18,12,1],[13,9,14,8],[15,5,16,4],[17,10,18,11]]
9_29	9	reversible	[[2,10,3,9],[4,17,5,18],[6,12,7,11],[8,4,9,3],[10,15,11,16],[12,6,13,5],[14,1,15,2],[16,7,17,8],[18,13,1,14]]
9_30	9	reversible	[[1,9,2,8],[3,16,4,17],[5,1,6,18],[7,12,8,13],[9,3,10,2],[11,6,12,7],[13,10,14,11],[15,4,16,5],[17,15,18,14]]
9_31	9	reversible	[[1,9,2,8],[3,10,4,11],[5,13,6,12],[7,1,8,18],[9,16,10,17],[11,15,12,14],[13,7,14,6],[15,4,16,5],[17,3,18,2]]
9_32	9	chiral	[[2,8,3,7],[4,9,5,10],[6,13,7,14],[8,16,9,15],[10,5,11,6],[12,17,13,18],[14,3,15,4],[16,2,17,1],[18,11,1,12]]
9_33	9	chiral	[[1,15,2,14],[3,16,4,17],[5,12,6,13],[7,5,8,4],[9,2,10,3],[11,6,12,7],[13,1,14,18],[15,11,16,10],[17,8,18,9]]
9_34	9	reversible	[[2,13,3,14],[4,17,5,18],[6,16,7,15],[8,4,9,3],[10,5,11,6],[12,8,13,7],[14,1,15,2],[16,11,17,12],[18,10,1,9]]
9_35	9	reversible	[[2,12,3,11],[4,16,5,15],[6,14,7,13],[8,18,9,17],[10,4,11,3],[12,2,13,1],[14,6,15,5],[16,10,17,9],[18,8,1,7]]
9_36	9	reversible	[[2,15,3,16],[4,11,5,12],[6,4,7,3],[8,17,9,18],[10,5,11,6],[12,10,13,9],[14,1,15,2],[16,7,17,8],[18,13,1,14]]
9_37	9	reversible	[[1,10,2,11],[3,14,4,15],[5,1,6,18],[7,17,8,16],[9,2,10,3],[11,9,12,8],[13,4,14,5],[15,13,16,12],[17,7,18,6]]
9_38	9	reversible	[[2,14,3,13],[4,10,5,9],[6,16,7,15],[8,4,9,3],[10,18,11,17],[12,6,13,5],[14,2,15,1],[16,12,17,11],[18,8,1,7]]
9_39	9	reversible	[[1,12,2,13],[3,17,4,16],[5,10,6,11],[7,18,8,1],[9,14,10,15],[11,2,12,3],[13,6,14,7],[15,5,16,4],[17,8,18,9]]
9_40	9	reversible	[[1,15,2,14],[3,12,4,13],[5,11,6,10],[7,3,8,2],[9,18,10,1],[11,17,12,16],[13,9,14,8],[15,6,16,7],[17,5,18,4]]
9_41	9	reversible	[[1,15,2,14],[3,12,4,13],[5,16,6,17],[7,3,8,2],[9,18,10,1],[11,4,12,5],[13,9,14,8],[15,6,16,7],[17,10,18,11]]
9_42	9	reversible	[[1,5,2,4],[5,11,6,10],[3,8,4,9],[9,2,10,3],[16,11,17,12],[14,8,15,7],[6,16,7,15],[18,13,1,14],[12,17,13,18]]
9_43	9	reversible	[[1,9,2,8],[3,16,4,17],[5,1,6,18],[6,12,7,11],[9,3,10,2],[10,14,11,13],[12,8,13,7],[15,4,16,5],[17,15,18,14]]
9_44	9	reversible	[[2,9,3,10],[3,16,4,17],[5,1,6,18],[6,12,7,11],[8,1,9,2],[10,14,11,13],[12,8,13,7],[15,4,16,5],[17,15,18,14]]
9_45	9	reversible	[[2,9,3,10],[3,16,4,17],[5,1,6,18],[7,12,8,13],[8,1,9,2],[11,6,12,7],[13,10,14,11],[15,4,16,5],[17,15,18,14]]
9_46	9	reversible	[[2,10,3,9],[3,14,4,15],[6,17,7,18],[8,11,9,12],[10,2,11,1],[13,4,14,5],[15,13,16,12],[16,7,17,8],[18,5,1,6]]
9_47	9	reversible	[[1,15,2,14],[4,17,5,18],[6,16,7,15],[8,4,9,3],[10,5,11,6],[12,8,13,7],[13,3,14,2],[16,11,17,12],[18,10,1,9]]
9_48	9	reversible	[[1,10,2,11],[3,14,4,15],[6,17,7,18],[9,2,10,3],[11,9,12,8],[13,4,14,5],[15,13,16,12],[16,7,17,8],[18,5,1,6]]
9_49	9	reversible	[[1,15,2,14],[4,12,5,11],[6,16,7,15],[7,3,8,2],[10,18,11,17],[12,4,13,3],[13,9,14,8],[16,6,17,5],[18,10,1,9]]
10_1	10	reversible	[[2,11,3,12],[4,20,5,19],[6,18,7,17],[8,16,9,15],[10,14,11,13],[12,1,13,2],[14,10,15,9],[16,8,17,7],[18,6,19,5],[20,4,1,3]]
10_2	10	reversible	[[1,13,2,12],[3,14,4,15],[5,3,6,2],[7,17,8,16],[9,19,10,18],[11,1,12,20],[13,4,14,5],[15,7,16,6],[17,9,18,8],[19,11,20,10]]
10_3	10	reversible	[[2,10,3,9],[4,17,5,18],[6,15,7,16],[8,4,9,3],[10,2,11,1],[12,20,13,19],[14,7,15,8],[16,5,17,6],[18,14,19,13],[20,12,1,11]]
10_4	10	reversible	[[2,13,3,14],[4,11,5,12],[6,20,7,19],[8,18,9,17],[10,16,11,15],[12,1,13,2],[14,3,15,4],[16,10,17,9],[18,8,19,7],[20,6,1,5]]
10_5	10	reversible	[[2,13,3,14],[4,17,5,18],[6,16,7,15],[8,6,9,5],[10,19,11,20],[12,1,13,2],[14,3,15,4],[16,8,17,7],[18,9,19,10],[20,11,1,12]]
10_6	10	reversible	[[2,11,3,12],[4,16,5,15],[6,18,7,17],[8,20,9,19],[10,14,11,13],[12,1,13,2],[14,10,15,9],[16,6,17,5],[18,8,19,7],[20,4,1,3]]
10_7	10	reversible	[[1,12,2,13],[3,15,4,14],[5,19,6,18],[7,17,8,16],[9,1,10,20],[11,2,12,3],[13,11,14,10],[15,9,16,8],[17,7,18,6],[19,5,20,4]]
10_8	10	reversible	[[1,12,2,13],[3,10,4,11],[5,15,6,14],[7,17,8,16],[9,19,10,18],[11,2,12,3],[13,20,14,1],[15,7,16,6],[17,9,18,8],[19,5,20,4]]
10_9	10	reversible	[[1,13,2,12],[3,16,4,17],[5,14,6,15],[7,3,8,2],[9,19,10,18],[11,1,12,20],[13,4,14,5],[15,6,16,7],[17,9,18,8],[19,11,20,10]]
10_10	10	reversible	[[1,11,2,10],[3,18,4,19],[5,16,6,17],[7,14,8,15],[9,13,10,12],[11,3,12,2],[13,20,14,1],[15,6,16,7],[17,4,18,5],[19,8,20,9]]
10_11	10	reversible	[[2,15,3,16],[4,13,5,14],[6,2,7,1],[8,18,9,17],[10,20,11,19],[12,5,13,6],[14,3,15,4],[16,12,17,11],[18,10,19,9],[20,8,1,7]]
10_12	10	reversible	[[2,11,3,12],[4,18,5,17],[6,13,7,14],[8,19,9,20],[10,1,11,2],[12,7,13,8],[14,5,15,6],[16,4,17,3],[18,16,19,15],[20,9,1,10]]
10_13	10	reversible	[[2,17,3,18],[4,8,5,7],[6,13,7,14],[8,2,9,1],[10,20,11,19],[12,16,13,15],[14,5,15,6],[16,3,17,4],[18,12,19,11],[20,10,1,9]]
10_14	10	reversible	[[1,14,2,15],[3,17,4,16],[5,11,6,10],[7,19,8,18],[9,1,10,20],[11,5,12,4],[13,2,14,3],[15,13,16,12],[17,7,18,6],[19,9,20,8]]
10_15	10	reversible	[[2,6,3,5],[4,16,5,15],[6,2,7,1],[8,17,9,18],[10,19,11,20],[12,7,13,8],[14,4,15,3],[16,14,17,13],[18,9,19,10],[20,11,1,12]]
10_16	10	reversible	[[1,10,2,11],[3,15,4,14],[5,17,6,16],[7,19,8,18],[9,2,10,3],[11,20,12,1],[13,9,14,8],[15,7,16,6],[17,5,18,4],[19,12,20,13]]
10_17	10	fully amphicheiral	[[6,2,7,1],[12,4,13,3],[20,15,1,16],[16,7,17,8],[18,9,19,10],[8,17,9,18],[10,19,11,20],[14,6,15,5],[2,12,3,11],[4,14,5,13]]
10_18	10	reversible	[[2,14,3,13],[4,10,5,9],[6,17,7,18],[8,15,9,16],[10,20,11,19],[12,2,13,1],[14,12,15,11],[16,7,17,8],[18,5,19,6],[20,4,1,3]]
10_19	10	reversible	[[1,13,2,12],[3,15,4,14],[5,10,6,11],[7,16,8,17],[9,18,10,19],[11,1,12,20],[13,3,14,2],[15,8,16,9],[17,6,18,7],[19,5,20,4]]
10_20	10	reversible	[[2,8,3,7],[4,15,5,16],[6,4,7,3],[8,2,9,1],[10,18,11,17],[12,20,13,19],[14,5,15,6],[16,14,17,13],[18,12,19,11],[20,10,1,9]]
10_21	10	reversible	[[1,15,2,14],[3,13,4,12],[5,17,6,16],[7,11,8,10],[9,18,10,19],[11,1,12,20],[13,3,14,2],[15,5,16,4],[17,7,18,6],[19,8,20,9]]
10_22	10	reversible	[[2,11,3,12],[4,18,5,17],[6,16,7,15],[8,14,9,13],[10,1,11,2],[12,19,13,20],[14,6,15,5],[16,8,17,7],[18,4,19,3],[20,9,1,10]]
10_23	10	reversible	[[2,13,3,14],[4,11,5,12],[6,18,7,17],[8,19,9,20],[10,1,11,2],[12,3,13,4],[14,7,15,8],[16,6,17,5],[18,16,19,15],[20,9,1,10]]
10_24	10	reversible	[[2,14,3,13],[4,10,5,9],[6,17,7,18],[8,6,9,5],[10,4,11,3],[12,20,13,19],[14,2,15,1],[16,7,17,8],[18,12,19,11],[20,16,1,15]]
10_25	10	reversible	[[1,11,2,10],[3,15,4,14],[5,13,6,12],[7,18,8,19],[9,1,10,20],[11,5,12,4],[13,7,14,6],[15,3,16,2],[17,8,18,9],[19,17,20,16]]
10_26	10	reversible	[[1,12,2,13],[3,14,4,15],[5,17,6,16],[7,19,8,18],[9,1,10,20],[11,4,12,5],[13,2,14,3],[15,11,16,10],[17,9,18,8],[19,7,20,6]]
10_27	10	reversible	[[1,11,2,10],[3,18,4,19],[5,16,6,17],[7,14,8,15],[9,13,10,12],[11,3,12,2],[13,20,14,1],[15,4,16,5],[17,6,18,7],[19,8,20,9]]
10_28	10	reversible	[[1,9,2,8],[3,16,4,17],[5,14,6,15],[7,11,8,10],[9,3,10,2],[11,20,12,1],[13,18,14,19],[15,4,16,5],[17,6,18,7],[19,12,20,13]]
10_29	10	reversible	[[2,15,3,16],[4,2,5,1],[6,11,7,12],[8,18,9,17],[10,20,11,19],[12,5,13,6],[14,3,15,4],[16,14,17,13],[18,10,19,9],[20,8,1,7]]
10_30	10	reversible	[[1,14,2,15],[3,17,4,16],[5,11,6,10],[7,19,8,18],[9,1,10,20],[11,5,12,4],[13,2,14,3],[15,13,16,12],[17,9,18,8],[19,7,20,6]]
10_31	10	reversible	[[2,6,3,5],[4,16,5,15],[6,2,7,1],[8,17,9,18],[10,19,11,20],[12,7,13,8],[14,4,15,3],[16,14,17,13],[18,11,19,12],[20,9,1,10]]
10_32	10	reversible	[[2,14,3,13],[4,10,5,9],[6,15,7,16],[8,17,9,18],[10,20,11,19],[12,2,13,1],[14,12,15,11],[16,7,17,8],[18,5,19,6],[20,4,1,3]]
10_33	10	fully amphicheiral	[[6,2,7,1],[14,6,15,5],[20,15,1,16],[16,7,17,8],[8,19,9,20],[18,9,19,10],[10,17,11,18],[2,14,3,13],[12,4,13,3],[4,12,5,11]]
10_34	10	reversible	[[1,7,2,6],[3,14,4,15],[5,9,6,8],[7,3,8,2],[9,20,10,1],[11,18,12,19],[13,16,14,17],[15,4,16,5],[17,12,18,13],[19,10,20,11]]
10_35	10	reversible	[[1,11,2,10],[3,18,4,19],[5,3,6,2],[7,14,8,15],[9,12,10,13],[11,1,12,20],[13,8,14,9],[15,6,16,7],[17,4,18,5],[19,17,20,16]]
10_36	10	reversible	[[2,15,3,16],[4,14,5,13],[6,12,7,11],[8,18,9,17],[10,8,11,7],[12,6,13,5],[14,20,15,19],[16,1,17,2],[18,10,19,9],[20,4,1,3]]
10_37	10	fully amphicheiral	[[4,2,5,1],[10,4,11,3],[12,8,13,7],[8,12,9,11],[18,15,19,16],[16,5,17,6],[6,17,7,18],[20,13,1,14],[14,19,15,20],[2,10,3,9]]
10_38	10	reversible	[[2,16,3,15],[4,12,5,11],[6,10,7,9],[8,17,9,18],[10,6,11,5],[12,20,13,19],[14,2,15,1],[16,14,17,13],[18,7,19,8],[20,4,1,3]]
10_39	10	reversible	[[1,14,2,15],[3,17,4,16],[5,19,6,18],[7,11,8,10],[9,1,10,20],[11,7,12,6],[13,2,14,3],[15,13,16,12],[17,5,18,4],[19,9,20,8]]
10_40	10	reversible	[[2,11,3,12],[4,18,5,17],[6,19,7,20],[8,13,9,14],[10,1,11,2],[12,9,13,10],[14,5,15,6],[16,4,17,3],[18,16,19,15],[20,7,1,8]]
10_41	10	reversible	[[1,14,2,15],[3,17,4,16],[5,10,6,11],[7,19,8,18],[9,6,10,7],[11,1,12,20],[13,2,14,3],[15,13,16,12],[17,9,18,8],[19,5,20,4]]
10_42	10	reversible	[[1,9,2,8],[3,18,4,19],[5,14,6,15],[7,11,8,10],[9,3,10,2],[11,20,12,1],[13,17,14,16],[15,4,16,5],[17,13,18,12],[19,6,20,7]]
10_43	10	fully amphicheiral	[[4,2,5,1],[10,4,11,3],[14,8,15,7],[20,11,1,12],[12,19,13,20],[8,14,9,13],[18,15,19,16],[16,5,17,6],[6,17,7,18],[2,10,3,9]]
10_44	10	reversible	[[1,14,2,15],[3,17,4,16],[5,20,6,1],[7,19,8,18],[9,7,10,6],[11,5,12,4],[13,2,14,3],[15,13,16,12],[17,10,18,11],[19,9,20,8]]
10_45	10	fully amphicheiral	[[4,2,5,1],[12,6,13,5],[10,3,11,4],[2,11,3,12],[20,14,1,13],[14,7,15,8],[6,19,7,20],[18,15,19,16],[16,10,17,9],[8,18,9,17]]
10_46	10	reversible	[[1,15,2,14],[3,9,4,8],[5,11,6,10],[7,16,8,17],[9,5,10,4],[11,19,12,18],[13,1,14,20],[15,3,16,2],[17,6,18,7],[19,13,20,12]]
10_47	10	reversible	[[2,9,3,10],[4,11,5,12],[6,17,7,18],[8,1,9,2],[10,3,11,4],[12,5,13,6],[14,20,15,19],[16,14,17,13],[18,7,19,8],[20,16,1,15]]
10_48	10	reversible	[[6,2,7,1],[8,4,9,3],[14,6,15,5],[20,15,1,16],[16,9,17,10],[18,11,19,12],[10,17,11,18],[12,19,13,20],[2,8,3,7],[4,14,5,13]]
10_49	10	reversible	[[1,7,2,6],[3,17,4,16],[5,9,6,8],[7,3,8,2],[9,15,10,14],[11,19,12,18],[13,1,14,20],[15,5,16,4],[17,11,18,10],[19,13,20,12]]
10_50	10	reversible	[[1,10,2,11],[3,19,4,18],[5,13,6,12],[7,15,8,14],[9,17,10,16],[11,20,12,1],[13,9,14,8],[15,7,16,6],[17,3,18,2],[19,5,20,4]]
10_51	10	reversible	[[2,18,3,17],[4,11,5,12],[6,13,7,14],[8,15,9,16],[10,19,11,20],[12,7,13,8],[14,5,15,6],[16,2,17,1],[18,9,19,10],[20,4,1,3]]
10_52	10	reversible	[[1,13,2,12],[3,19,4,18],[5,10,6,11],[7,14,8,15],[9,16,10,17],[11,1,12,20],[13,8,14,9],[15,6,16,7],[17,3,18,2],[19,5,20,4]]
10_53	10	reversible	[[1,7,2,6],[3,17,4,16],[5,9,6,8],[7,3,8,2],[9,15,10,14],[11,19,12,18],[13,1,14,20],[15,5,16,4],[17,13,18,12],[19,11,20,10]]
10_54	10	reversible	[[2,16,3,15],[4,9,5,10],[6,11,7,12],[8,19,9,20],[10,5,11,6],[12,18,13,17],[14,2,15,1],[16,14,17,13],[18,7,19,8],[20,4,1,3]]
10_55	10	reversible	[[2,10,3,9],[4,18,5,17],[6,12,7,11],[8,2,9,1],[10,8,11,7],[12,6,13,5],[14,20,15,19],[16,14,17,13],[18,4,19,3],[20,16,1,15]]
10_56	10	reversible	[[2,16,3,15],[4,10,5,9],[6,12,7,11],[8,17,9,18],[10,6,11,5],[12,20,13,19],[14,2,15,1],[16,14,17,13],[18,7,19,8],[20,4,1,3]]
10_57	10	reversible	[[1,4,2,5],[3,16,4,17],[5,20,6,1],[7,13,8,12],[9,7,10,6],[11,18,12,19],[13,9,14,8],[15,2,16,3],[17,10,18,11],[19,14,20,15]]
10_58	10	reversible	[[2,15,3,16],[4,10,5,9],[6,13,7,14],[8,6,9,5],[10,20,11,19],[12,7,13,8],[14,18,15,17],[16,1,17,2],[18,12,19,11],[20,4,1,3]]
10_59	10	reversible	[[1,4,2,5],[3,17,4,16],[5,20,6,1],[7,14,8,15],[9,7,10,6],[11,19,12,18],[13,8,14,9],[15,11,16,10],[17,3,18,2],[19,13,20,12]]
10_60	10	reversible	[[2,15,3,16],[4,8,5,7],[6,11,7,12],[8,14,9,13],[10,17,11,18],[12,5,13,6],[14,20,15,19],[16,1,17,2],[18,9,19,10],[20,4,1,3]]
10_61	10	reversible	[[1,9,2,8],[3,16,4,17],[5,14,6,15],[7,1,8,20],[9,3,10,2],[11,19,12,18],[13,6,14,7],[15,4,16,5],[17,11,18,10],[19,13,20,12]]
10_62	10	reversible	[[2,11,3,12],[4,18,5,17],[6,13,7,14],[8,19,9,20],[10,1,11,2],[12,5,13,6],[14,7,15,8],[16,4,17,3],[18,16,19,15],[20,9,1,10]]
10_63	10	reversible	[[1,9,2,8],[3,19,4,18],[5,17,6,16],[7,11,8,10],[9,3,10,2],[11,15,12,14],[13,1,14,20],[15,7,16,6],[17,5,18,4],[19,13,20,12]]
10_64	10	reversible	[[2,11,3,12],[4,18,5,17],[6,14,7,13],[8,16,9,15],[10,1,11,2],[12,19,13,20],[14,8,15,7],[16,4,17,3],[18,6,19,5],[20,9,1,10]]
10_65	10	reversible	[[1,9,2,8],[3,16,4,17],[5,14,6,15],[7,11,8,10],[9,3,10,2],[11,18,12,19],[13,20,14,1],[15,4,16,5],[17,6,18,7],[19,12,20,13]]
10_66	10	reversible	[[1,11,2,10],[3,13,4,12],[5,19,6,18],[7,15,8,14],[9,5,10,4],[11,3,12,2],[13,17,14,16],[15,9,16,8],[17,1,18,20],[19,7,20,6]]
10_67	10	chiral	[[1,14,2,15],[3,19,4,18],[5,17,6,16],[7,11,8,10],[9,1,10,20],[11,7,12,6],[13,2,14,3],[15,13,16,12],[17,5,18,4],[19,9,20,8]]
10_68	10	reversible	[[1,11,2,10],[3,16,4,17],[5,14,6,15],[7,18,8,19],[9,13,10,12],[11,3,12,2],[13,20,14,1],[15,4,16,5],[17,8,18,9],[19,6,20,7]]
10_69	10	reversible	[[2,13,3,14],[4,17,5,18],[6,2,7,1],[8,19,9,20],[10,7,11,8],[12,3,13,4],[14,12,15,11],[16,5,17,6],[18,16,19,15],[20,9,1,10]]
10_70	10	reversible	[[2,15,3,16],[4,11,5,12],[6,13,7,14],[8,20,9,19],[10,7,11,8],[12,5,13,6],[14,18,15,17],[16,1,17,2],[18,10,19,9],[20,4,1,3]]
10_71	10	reversible	[[1,4,2,5],[3,8,4,9],[11,15,12,14],[5,13,6,12],[13,7,14,6],[9,19,10,18],[15,20,16,1],[19,16,20,17],[17,11,18,10],[7,2,8,3]]
10_72	10	reversible	[[2,15,3,16],[4,12,5,11],[6,14,7,13],[8,18,9,17],[10,8,11,7],[12,6,13,5],[14,20,15,19],[16,1,17,2],[18,10,19,9],[20,4,1,3]]
10_73	10	reversible	[[2,15,3,16],[4,7,5,8],[6,13,7,14],[8,12,9,11],[10,17,11,18],[12,5,13,6],[14,20,15,19],[16,1,17,2],[18,9,19,10],[20,4,1,3]]
10_74	10	reversible	[[1,12,2,13],[3,15,4,14],[5,17,6,16],[7,1,8,20],[9,19,10,18],[11,2,12,3],[13,11,14,10],[15,7,16,6],[17,5,18,4],[19,9,20,8]]
10_75	10	reversible	[[1,14,2,15],[3,17,4,16],[5,18,6,19],[7,5,8,4],[9,20,10,1],[11,9,12,8],[13,2,14,3],[15,13,16,12],[17,6,18,7],[19,10,20,11]]
10_76	10	reversible	[[2,11,3,12],[4,18,5,17],[6,20,7,19],[8,14,9,13],[10,16,11,15],[12,1,13,2],[14,10,15,9],[16,8,17,7],[18,6,19,5],[20,4,1,3]]
10_77	10	reversible	[[1,7,2,6],[3,14,4,15],[5,9,6,8],[7,3,8,2],[9,18,10,19],[11,20,12,1],[13,16,14,17],[15,4,16,5],[17,12,18,13],[19,10,20,11]]
10_78	10	reversible	[[1,7,2,6],[3,17,4,16],[5,9,6,8],[7,3,8,2],[9,13,10,12],[11,1,12,20],[13,18,14,19],[15,5,16,4],[17,14,18,15],[19,11,20,10]]
10_79	10	negative amphicheiral	[[6,2,7,1],[8,4,9,3],[12,6,13,5],[18,13,19,14],[16,9,17,10],[10,17,11,18],[20,15,1,16],[14,19,15,20],[2,8,3,7],[4,12,5,11]]
10_80	10	chiral	[[1,17,2,16],[3,11,4,10],[5,19,6,18],[7,13,8,12],[9,5,10,4],[11,15,12,14],[13,9,14,8],[15,1,16,20],[17,3,18,2],[19,7,20,6]]
10_81	10	negative amphicheiral	[[4,2,5,1],[8,4,9,3],[12,6,13,5],[16,9,17,10],[20,17,1,18],[18,13,19,14],[14,19,15,20],[10,15,11,16],[6,12,7,11],[2,8,3,7]]
10_82	10	chiral	[[1,12,2,13],[3,15,4,14],[5,19,6,18],[7,1,8,20],[9,2,10,3],[11,16,12,17],[13,9,14,8],[15,10,16,11],[17,5,18,4],[19,7,20,6]]
10_83	10	chiral	[[2,7,3,8],[4,10,5,9],[6,1,7,2],[8,16,9,15],[10,17,11,18],[12,19,13,20],[14,6,15,5],[16,3,17,4],[18,13,19,14],[20,11,1,12]]
10_84	10	chiral	[[2,10,3,9],[4,2,5,1],[6,13,7,14],[8,12,9,11],[10,4,11,3],[12,17,13,18],[14,20,15,19],[16,7,17,8],[18,6,19,5],[20,16,1,15]]
10_85	10	chiral	[[2,7,3,8],[4,10,5,9],[6,1,7,2],[8,16,9,15],[10,17,11,18],[12,19,13,20],[14,6,15,5],[16,3,17,4],[18,11,19,12],[20,13,1,14]]
10_86	10	chiral	[[2,7,3,8],[4,10,5,9],[6,1,7,2],[8,15,9,16],[10,18,11,17],[12,20,13,19],[14,4,15,3],[16,5,17,6],[18,14,19,13],[20,12,1,11]]
10_87	10	chiral	[[2,11,3,12],[4,14,5,13],[6,1,7,2],[8,16,9,15],[10,8,11,7],[12,19,13,20],[14,18,15,17],[16,10,17,9],[18,4,19,3],[20,5,1,6]]
10_88	10	negative amphicheiral	[[4,2,5,1],[20,14,1,13],[8,3,9,4],[2,9,3,10],[14,7,15,8],[18,15,19,16],[12,6,13,5],[10,18,11,17],[16,12,17,11],[6,19,7,20]]
10_89	10	reversible	[[2,7,3,8],[4,13,5,14],[6,12,7,11],[8,1,9,2],[10,15,11,16],[12,19,13,20],[14,18,15,17],[16,9,17,10],[18,5,19,6],[20,4,1,3]]
10_90	10	chiral	[[2,9,3,10],[4,13,5,14],[6,20,7,19],[8,16,9,15],[10,3,11,4],[12,18,13,17],[14,1,15,2],[16,12,17,11],[18,8,19,7],[20,6,1,5]]
10_91	10	chiral	[[6,2,7,1],[20,6,1,5],[16,9,17,10],[10,3,11,4],[2,18,3,17],[14,7,15,8],[8,15,9,16],[12,20,13,19],[18,12,19,11],[4,13,5,14]]
10_92	10	chiral	[[1,9,2,8],[3,19,4,18],[5,12,6,13],[7,11,8,10],[9,3,10,2],[11,17,12,16],[13,4,14,5],[15,1,16,20],[17,7,18,6],[19,15,20,14]]
10_93	10	chiral	[[2,17,3,18],[4,12,5,11],[6,20,7,19],[8,15,9,16],[10,6,11,5],[12,4,13,3],[14,7,15,8],[16,1,17,2],[18,13,19,14],[20,10,1,9]]
10_94	10	chiral	[[1,9,2,8],[3,10,4,11],[5,14,6,15],[7,1,8,20],[9,17,10,16],[11,4,12,5],[13,19,14,18],[15,2,16,3],[17,13,18,12],[19,7,20,6]]
10_95	10	chiral	[[2,16,3,15],[4,11,5,12],[6,17,7,18],[8,13,9,14],[10,19,11,20],[12,7,13,8],[14,2,15,1],[16,9,17,10],[18,5,19,6],[20,4,1,3]]
10_96	10	reversible	[[1,16,2,17],[3,10,4,11],[5,1,6,20],[7,12,8,13],[9,4,10,5],[11,19,12,18],[13,6,14,7],[15,2,16,3],[17,15,18,14],[19,9,20,8]]
10_97	10	reversible	[[2,12,3,11],[4,18,5,17],[6,13,7,14],[8,6,9,5],[10,20,11,19],[12,7,13,8],[14,2,15,1],[16,10,17,9],[18,4,19,3],[20,16,1,15]]
10_98	10	chiral	[[1,10,2,11],[3,17,4,16],[5,13,6,12],[7,19,8,18],[9,15,10,14],[11,20,12,1],[13,7,14,6],[15,3,16,2],[17,9,18,8],[19,5,20,4]]
10_99	10	fully amphicheiral	[[6,2,7,1],[10,4,11,3],[16,11,17,12],[14,7,15,8],[8,15,9,16],[20,13,1,14],[12,19,13,20],[18,6,19,5],[2,10,3,9],[4,18,5,17]]
10_100	10	reversible	[[2,9,3,10],[4,17,5,18],[6,12,7,11],[8,1,9,2],[10,16,11,15],[12,19,13,20],[14,8,15,7],[16,3,17,4],[18,5,19,6],[20,13,1,14]]
10_101	10	reversible	[[2,12,3,11],[4,18,5,17],[6,14,7,13],[8,20,9,19],[10,6,11,5],[12,2,13,1],[14,10,15,9],[16,4,17,3],[18,16,19,15],[20,8,1,7]]
10_102	10	chiral	[[2,9,3,10],[4,12,5,11],[6,18,7,17],[8,16,9,15],[10,19,11,20],[12,6,13,5],[14,1,15,2],[16,8,17,7],[18,4,19,3],[20,13,1,14]]
10_103	10	reversible	[[2,9,3,10],[4,17,5,18],[6,12,7,11],[8,1,9,2],[10,16,11,15],[12,19,13,20],[14,8,15,7],[16,5,17,6],[18,3,19,4],[20,13,1,14]]
10_104	10	reversible	[[6,2,7,1],[16,4,17,3],[18,9,19,10],[14,7,15,8],[20,13,1,14],[8,17,9,18],[10,19,11,20],[12,6,13,5],[4,12,5,11],[2,16,3,15]]
10_105	10	reversible	[[1,11,2,10],[3,16,4,17],[5,1,6,20],[7,18,8,19],[9,13,10,12],[11,3,12,2],[13,7,14,6],[15,4,16,5],[17,8,18,9],[19,15,20,14]]
10_106	10	chiral	[[1,15,2,14],[3,10,4,11],[5,17,6,16],[7,13,8,12],[9,2,10,3],[11,18,12,19],[13,1,14,20],[15,5,16,4],[17,7,18,6],[19,8,20,9]]
10_107	10	chiral	[[1,11,2,10],[3,16,4,17],[5,1,6,20],[7,14,8,15],[9,13,10,12],[11,3,12,2],[13,18,14,19],[15,4,16,5],[17,8,18,9],[19,7,20,6]]
10_108	10	reversible	[[1,15,2,14],[3,11,4,10],[5,12,6,13],[7,16,8,17],[9,3,10,2],[11,18,12,19],[13,1,14,20],[15,8,16,9],[17,6,18,7],[19,5,20,4]]
10_109	10	negative amphicheiral	[[6,2,7,1],[10,4,11,3],[18,11,19,12],[16,7,17,8],[8,17,9,18],[20,15,1,16],[12,19,13,20],[14,6,15,5],[2,10,3,9],[4,14,5,13]]
10_110	10	chiral	[[1,14,2,15],[3,10,4,11],[5,1,6,20],[7,17,8,16],[9,4,10,5],[11,19,12,18],[13,2,14,3],[15,7,16,6],[17,13,18,12],[19,9,20,8]]
10_111	10	reversible	[[1,9,2,8],[3,19,4,18],[5,11,6,10],[7,14,8,15],[9,3,10,2],[11,17,12,16],[13,1,14,20],[15,6,16,7],[17,5,18,4],[19,13,20,12]]
10_112	10	reversible	[[2,10,3,9],[4,11,5,12],[6,19,7,20],[8,14,9,13],[10,15,11,16],[12,18,13,17],[14,1,15,2],[16,4,17,3],[18,5,19,6],[20,7,1,8]]
10_113	10	reversible	[[2,8,3,7],[4,14,5,13],[6,11,7,12],[8,16,9,15],[10,2,11,1],[12,19,13,20],[14,18,15,17],[16,10,17,9],[18,4,19,3],[20,5,1,6]]
10_114	10	reversible	[[1,8,2,9],[3,11,4,10],[5,14,6,15],[7,12,8,13],[9,17,10,16],[11,18,12,19],[13,6,14,7],[15,1,16,20],[17,2,18,3],[19,5,20,4]]
10_115	10	negative amphicheiral	[[6,2,7,1],[14,6,15,5],[20,15,1,16],[16,7,17,8],[8,19,9,20],[18,11,19,12],[10,4,11,3],[4,10,5,9],[12,17,13,18],[2,14,3,13]]
10_116	10	reversible	[[2,16,3,15],[4,17,5,18],[6,12,7,11],[8,1,9,2],[10,4,11,3],[12,19,13,20],[14,8,15,7],[16,9,17,10],[18,5,19,6],[20,13,1,14]]
10_117	10	chiral	[[1,14,2,15],[3,8,4,9],[5,18,6,19],[7,17,8,16],[9,20,10,1],[11,4,12,5],[13,7,14,6],[15,2,16,3],[17,13,18,12],[19,10,20,11]]
10_118	10	negative amphicheiral	[[6,2,7,1],[18,6,19,5],[20,13,1,14],[12,19,13,20],[14,7,15,8],[8,3,9,4],[2,16,3,15],[10,18,11,17],[16,10,17,9],[4,11,5,12]]
10_119	10	chiral	[[1,16,2,17],[3,10,4,11],[5,1,6,20],[7,2,8,3],[9,14,10,15],[11,19,12,18],[13,4,14,5],[15,8,16,9],[17,7,18,6],[19,13,20,12]]
10_120	10	reversible	[[2,10,3,9],[4,18,5,17],[6,12,7,11],[8,4,9,3],[10,16,11,15],[12,20,13,19],[14,8,15,7],[16,2,17,1],[18,14,19,13],[20,6,1,5]]
10_121	10	reversible	[[2,11,3,12],[4,10,5,9],[6,2,7,1],[8,16,9,15],[10,17,11,18],[12,8,13,7],[14,20,15,19],[16,3,17,4],[18,6,19,5],[20,14,1,13]]
10_122	10	reversible	[[1,8,2,9],[3,11,4,10],[5,12,6,13],[7,16,8,17],[9,15,10,14],[11,18,12,19],[13,1,14,20],[15,2,16,3],[17,6,18,7],[19,5,20,4]]
10_123	10	fully amphicheiral	[[8,2,9,1],[10,3,11,4],[12,6,13,5],[4,18,5,17],[18,11,19,12],[2,15,3,16],[16,10,17,9],[20,14,1,13],[14,7,15,8],[6,19,7,20]]
10_124	10	reversible	[[1,9,2,8],[3,11,4,10],[5,13,6,12],[7,19,8,18],[9,3,10,2],[11,5,12,4],[14,20,15,19],[16,14,17,13],[17,7,18,6],[20,16,1,15]]
10_125	10	reversible	[[1,5,2,4],[3,9,4,8],[5,15,6,14],[20,15,1,16],[16,9,17,10],[18,11,19,12],[10,17,11,18],[12,19,13,20],[13,7,14,6],[7,3,8,2]]
10_126	10	reversible	[[1,7,2,6],[4,15,5,16],[5,9,6,8],[7,3,8,2],[10,17,11,18],[12,19,13,20],[14,9,15,10],[16,3,17,4],[18,11,19,12],[20,13,1,14]]
10_127	10	reversible	[[1,7,2,6],[4,15,5,16],[5,9,6,8],[7,3,8,2],[9,15,10,14],[11,19,12,18],[13,1,14,20],[16,3,17,4],[17,11,18,10],[19,13,20,12]]
10_128	10	reversible	[[1,9,2,8],[3,11,4,10],[5,13,6,12],[7,19,8,18],[9,5,10,4],[11,3,12,2],[14,20,15,19],[16,14,17,13],[17,7,18,6],[20,16,1,15]]
10_129	10	reversible	[[1,7,2,6],[3,17,4,16],[5,9,6,8],[7,3,8,2],[10,19,11,20],[12,17,13,18],[14,9,15,10],[15,5,16,4],[18,11,19,12],[20,13,1,14]]
10_130	10	reversible	[[1,7,2,6],[4,15,5,16],[5,9,6,8],[7,3,8,2],[10,19,11,20],[12,17,13,18],[14,9,15,10],[16,3,17,4],[18,11,19,12],[20,13,1,14]]
10_131	10	reversible	[[1,7,2,6],[4,15,5,16],[5,9,6,8],[7,3,8,2],[9,15,10,14],[11,19,12,18],[13,1,14,20],[16,3,17,4],[17,13,18,12],[19,11,20,10]]
10_132	10	reversible	[[1,8,2,9],[3,18,4,19],[5,12,6,13],[7,10,8,11],[9,2,10,3],[11,6,12,7],[14,20,15,19],[16,14,17,13],[17,4,18,5],[20,16,1,15]]
10_133	10	reversible	[[2,16,3,15],[4,2,5,1],[7,13,8,12],[9,7,10,6],[11,18,12,19],[13,9,14,8],[14,20,15,19],[16,4,17,3],[17,10,18,11],[20,6,1,5]]
10_134	10	reversible	[[2,16,3,15],[4,2,5,1],[7,13,8,12],[9,7,10,6],[10,18,11,17],[13,9,14,8],[14,20,15,19],[16,4,17,3],[18,12,19,11],[20,6,1,5]]
10_135	10	reversible	[[1,4,2,5],[3,16,4,17],[5,20,6,1],[7,13,8,12],[9,7,10,6],[10,18,11,17],[13,9,14,8],[15,2,16,3],[18,12,19,11],[19,14,20,15]]
10_136	10	reversible	[[2,17,3,18],[4,2,5,1],[7,14,8,15],[9,7,10,6],[12,19,13,20],[13,8,14,9],[15,11,16,10],[16,3,17,4],[18,11,19,12],[20,6,1,5]]
10_137	10	reversible	[[1,15,2,14],[4,8,5,7],[6,19,7,20],[9,17,10,16],[11,8,12,9],[13,3,14,2],[15,11,16,10],[17,12,18,13],[18,4,19,3],[20,5,1,6]]
10_138	10	reversible	[[1,15,2,14],[4,8,5,7],[6,19,7,20],[8,12,9,11],[10,15,11,16],[12,18,13,17],[13,3,14,2],[16,9,17,10],[18,4,19,3],[20,5,1,6]]
10_139	10	reversible	[[1,11,2,10],[4,18,5,17],[5,13,6,12],[7,15,8,14],[9,1,10,20],[11,3,12,2],[13,7,14,6],[16,4,17,3],[18,16,19,15],[19,9,20,8]]
10_140	10	reversible	[[1,15,2,14],[3,10,4,11],[5,12,6,13],[6,18,7,17],[8,16,9,15],[11,4,12,5],[13,1,14,20],[16,8,17,7],[18,10,19,9],[19,3,20,2]]
10_141	10	reversible	[[2,11,3,12],[4,9,5,10],[5,19,6,18],[7,15,8,14],[10,1,11,2],[12,3,13,4],[13,17,14,16],[15,9,16,8],[17,1,18,20],[19,7,20,6]]
10_142	10	reversible	[[1,15,2,14],[4,12,5,11],[6,18,7,17],[8,16,9,15],[10,4,11,3],[12,6,13,5],[13,1,14,20],[16,8,17,7],[18,10,19,9],[19,3,20,2]]
10_143	10	reversible	[[2,11,3,12],[4,9,5,10],[6,19,7,20],[7,15,8,14],[10,1,11,2],[12,3,13,4],[13,17,14,16],[15,9,16,8],[18,5,19,6],[20,17,1,18]]
10_144	10	reversible	[[1,9,2,8],[3,16,4,17],[5,14,6,15],[7,11,8,10],[9,3,10,2],[12,20,13,19],[15,4,16,5],[17,6,18,7],[18,12,19,11],[20,14,1,13]]
10_145	10	reversible	[[1,14,2,15],[3,18,4,19],[6,13,7,14],[8,6,9,5],[9,16,10,17],[11,2,12,3],[12,7,13,8],[15,20,16,1],[17,4,18,5],[19,10,20,11]]
10_146	10	reversible	[[1,14,2,15],[4,10,5,9],[6,14,7,13],[8,17,9,18],[10,4,11,3],[12,8,13,7],[15,20,16,1],[16,11,17,12],[18,5,19,6],[19,3,20,2]]
10_147	10	chiral	[[2,8,3,7],[3,18,4,19],[6,11,7,12],[8,16,9,15],[10,2,11,1],[13,4,14,5],[14,18,15,17],[16,10,17,9],[19,13,20,12],[20,5,1,6]]
10_148	10	chiral	[[2,17,3,18],[4,9,5,10],[6,19,7,20],[7,13,8,12],[10,3,11,4],[11,15,12,14],[13,9,14,8],[16,1,17,2],[18,5,19,6],[20,15,1,16]]
10_149	10	chiral	[[1,17,2,16],[4,9,5,10],[5,19,6,18],[7,13,8,12],[10,3,11,4],[11,15,12,14],[13,9,14,8],[15,1,16,20],[17,3,18,2],[19,7,20,6]]
10_150	10	chiral	[[1,17,2,16],[3,7,4,6],[5,1,6,20],[8,14,9,13],[10,8,11,7],[11,18,12,19],[14,10,15,9],[15,3,16,2],[17,12,18,13],[19,5,20,4]]
10_151	10	chiral	[[2,15,3,16],[4,19,5,20],[6,3,7,4],[8,14,9,13],[10,8,11,7],[11,18,12,19],[14,10,15,9],[16,1,17,2],[17,12,18,13],[20,5,1,6]]
10_152	10	reversible	[[1,7,2,6],[3,9,4,8],[5,19,6,18],[7,3,8,2],[10,16,11,15],[12,20,13,19],[14,10,15,9],[16,12,17,11],[17,5,18,4],[20,14,1,13]]
10_153	10	chiral	[[2,17,3,18],[3,11,4,10],[6,19,7,20],[7,13,8,12],[9,5,10,4],[11,15,12,14],[13,9,14,8],[16,1,17,2],[18,5,19,6],[20,15,1,16]]
10_154	10	reversible	[[1,17,2,16],[3,7,4,6],[5,1,6,20],[8,14,9,13],[10,8,11,7],[12,18,13,17],[14,10,15,9],[15,3,16,2],[18,12,19,11],[19,5,20,4]]
10_155	10	reversible	[[1,11,2,10],[3,13,4,12],[5,14,6,15],[6,19,7,20],[9,16,10,17],[11,3,12,2],[13,19,14,18],[15,8,16,9],[17,4,18,5],[20,7,1,8]]
10_156	10	reversible	[[1,13,2,12],[3,8,4,9],[5,14,6,15],[7,18,8,19],[10,15,11,16],[11,1,12,20],[13,6,14,7],[16,9,17,10],[17,4,18,5],[19,3,20,2]]
10_157	10	reversible	[[2,8,3,7],[3,10,4,11],[5,18,6,19],[8,15,9,16],[11,4,12,5],[14,1,15,2],[16,9,17,10],[17,13,18,12],[19,6,20,7],[20,13,1,14]]
10_158	10	reversible	[[3,9,4,8],[4,11,5,12],[6,20,7,19],[9,17,10,16],[12,5,13,6],[14,1,15,2],[15,11,16,10],[17,3,18,2],[18,8,19,7],[20,13,1,14]]
10_159	10	reversible	[[2,10,3,9],[4,11,5,12],[5,19,6,18],[7,1,8,20],[8,14,9,13],[10,15,11,16],[12,18,13,17],[14,1,15,2],[16,4,17,3],[19,7,20,6]]
10_160	10	reversible	[[1,13,2,12],[4,18,5,17],[6,14,7,13],[8,4,9,3],[10,15,11,16],[11,1,12,20],[14,6,15,5],[16,9,17,10],[18,8,19,7],[19,3,20,2]]
10_161	10	reversible	[[1,13,2,12],[4,18,5,17],[6,14,7,13],[8,4,9,3],[9,17,10,16],[11,1,12,20],[14,6,15,5],[15,11,16,10],[18,8,19,7],[19,3,20,2]]
10_162	10	reversible	[[2,9,3,10],[5,12,6,13],[6,18,7,17],[8,16,9,15],[10,19,11,20],[11,4,12,5],[14,1,15,2],[16,8,17,7],[18,4,19,3],[20,13,1,14]]
10_163	10	reversible	[[1,8,2,9],[3,11,4,10],[6,14,7,13],[9,17,10,16],[11,18,12,19],[12,8,13,7],[14,6,15,5],[15,1,16,20],[17,2,18,3],[19,5,20,4]]
10_164	10	reversible	[[2,12,3,11],[3,16,4,17],[6,14,7,13],[8,15,9,16],[9,5,10,4],[12,2,13,1],[14,19,15,20],[17,10,18,11],[18,5,19,6],[20,8,1,7]]
10_165	10	reversible	[[1,8,2,9],[3,12,4,13],[4,17,5,18],[7,2,8,3],[9,14,10,15],[11,17,12,16],[13,6,14,7],[15,20,16,1],[18,5,19,6],[19,11,20,10]]
