fixa	COLUMNAE	RETICULUM-COLUMNA	columna	greges	ordines	recti	basis	lucrum	puritas	puritas-intra	inaestimati	mutabiles	cadentes-basi	inaestimabilis	greges-captivi	ordines-captivi
fixa	RETICULUM-COLUMNA	f	2	26	23	17	6	884	884	0	0	1	0	0	0
fixa	RETICULUM-COLUMNA	h	1	26	17	17	0	653	653	0	0	0	0	0	0
fixa	COLUMNAE	RETICULUM-SORS	columna	sors	ordines	recti	basis	inaestimati
fixa	RETICULUM-SORS	f	A	9	9	5	0
fixa	RETICULUM-SORS	f	B	9	9	5	0
fixa	RETICULUM-SORS	f	C	8	5	7	0
fixa	RETICULUM-SORS	h	A	9	5	5	0
fixa	RETICULUM-SORS	h	B	9	5	5	0
fixa	RETICULUM-SORS	h	C	8	7	7	0
fixa	COLUMNAE	RETICULUM-CATENA	vetans	gradus	columna	greges	recti	lucrum	cadentes-gradu
fixa	RETICULUM-CATENA	1	0	-	1	17	0	0
fixa	RETICULUM-CATENA	0	0	-	1	17	0	0
fixa	RETICULUM-CATENA	0	1	f	2	23	6	1
fixa	COLUMNAE	RETICULUM-CONDICIO	gradus	columna	sors	recti	priores
fixa	RETICULUM-CONDICIO	1	f	C	5	7
fixa	COLUMNAE	RETICULUM-INFIMUM	profunditas	columnae	greges	recti	incrementum	cadentes-basi	inaestimati
fixa	COLUMNAE	RETICULUM-TEGIT	subtilior	crassior
fixa	COLUMNAE	RETICULUM-DUPLEX	columna	aequalis
fixa	COLUMNAE	RETICULUM-GREX	partitio	grex	ordines	aurum-maximum	aurum-maximum-ordines	puritas	captivus	habitus	mutabilis	sortes-suffragantes	retenti	recti
fixa	COLUMNAE	RETICULUM-GREX-SORS	partitio	grex	sors	disciplina	suffragium	margo	retenti	recti
