115	doctype01.dat #31
148	domjs-unsafe.dat #27
158	domjs-unsafe.dat #37
168	domjs-unsafe.dat #47
169	domjs-unsafe.dat #48
393	namespace-sensitivity.dat #1
395	noscript01.dat #2
399	noscript01.dat #6
400	noscript01.dat #7
407	noscript01.dat #14
413	pending-spec-changes.dat #1
422	plain-text-unsafe.dat #7
424	plain-text-unsafe.dat #9
431	plain-text-unsafe.dat #16
432	plain-text-unsafe.dat #17
433	plain-text-unsafe.dat #18
434	plain-text-unsafe.dat #19
435	plain-text-unsafe.dat #20
437	plain-text-unsafe.dat #22
438	plain-text-unsafe.dat #23
497	svg.dat #1
498	svg.dat #2
499	svg.dat #3
500	svg.dat #4
501	svg.dat #5
502	svg.dat #6
503	svg.dat #7
504	svg.dat #8
512	tables01.dat #8
514	tables01.dat #10
562	template.dat #41
566	template.dat #45
567	template.dat #46
569	template.dat #48
570	template.dat #49
571	template.dat #50
573	template.dat #52
574	template.dat #53
578	template.dat #57
589	template.dat #68
590	template.dat #69
591	template.dat #70
593	template.dat #72
595	template.dat #74
596	template.dat #75
598	template.dat #77
600	template.dat #79
613	template.dat #92
615	template.dat #94
622	template.dat #101
624	template.dat #103
626	template.dat #105
659	tests1.dat #30
680	tests1.dat #51
719	tests1.dat #90
731	tests1.dat #102
735	tests1.dat #106
736	tests1.dat #107
760	tests10.dat #17
761	tests10.dat #18
774	tests10.dat #31
775	tests10.dat #32
779	tests10.dat #36
795	tests10.dat #52
796	tests10.dat #53
797	tests10.dat #54
811	tests12.dat #1
812	tests12.dat #2
815	tests14.dat #3
818	tests14.dat #6
832	tests15.dat #13
1024	tests16.dat #197
1025	tests17.dat #1
1026	tests17.dat #2
1027	tests17.dat #3
1028	tests17.dat #4
1029	tests17.dat #5
1051	tests18.dat #14
1052	tests18.dat #15
1055	tests18.dat #18
1056	tests18.dat #19
1058	tests18.dat #21
1059	tests18.dat #22
1060	tests18.dat #23
1065	tests18.dat #28
1066	tests18.dat #29
1067	tests18.dat #30
1071	tests18.dat #34
1082	tests19.dat #9
1084	tests19.dat #11
1085	tests19.dat #12
1087	tests19.dat #14
1095	tests19.dat #22
1097	tests19.dat #24
1111	tests19.dat #38
1112	tests19.dat #39
1120	tests19.dat #47
1122	tests19.dat #49
1147	tests19.dat #74
1148	tests19.dat #75
1149	tests19.dat #76
1150	tests19.dat #77
1151	tests19.dat #78
1153	tests19.dat #80
1154	tests19.dat #81
1162	tests19.dat #89
1163	tests19.dat #90
1165	tests19.dat #92
1168	tests19.dat #95
1177	tests19.dat #104
1183	tests2.dat #5
1185	tests2.dat #7
1186	tests2.dat #8
1194	tests2.dat #16
1216	tests2.dat #38
1230	tests2.dat #52
1231	tests2.dat #53
1232	tests2.dat #54
1237	tests2.dat #59
1262	tests20.dat #22
1266	tests20.dat #26
1267	tests20.dat #27
1268	tests20.dat #28
1275	tests20.dat #35
1276	tests20.dat #36
1277	tests20.dat #37
1278	tests20.dat #38
1284	tests20.dat #44
1290	tests21.dat #6
1291	tests21.dat #7
1315	tests23.dat #1
1316	tests23.dat #2
1317	tests23.dat #3
1331	tests25.dat #4
1332	tests25.dat #5
1337	tests25.dat #10
1341	tests25.dat #14
1342	tests25.dat #15
1350	tests25.dat #23
1393	tests3.dat #24
1396	tests4.dat #3
1397	tests4.dat #4
1398	tests4.dat #5
1402	tests5.dat #2
1407	tests5.dat #7
1408	tests5.dat #8
1418	tests6.dat #2
1424	tests6.dat #8
1429	tests6.dat #13
1443	tests6.dat #27
1464	tests6.dat #48
1465	tests6.dat #49
1466	tests6.dat #50
1483	tests7.dat #15
1489	tests7.dat #21
1513	tests9.dat #4
1527	tests9.dat #18
1528	tests9.dat #19
1549	tests_innerHTML_1.dat #13
1550	tests_innerHTML_1.dat #14
1551	tests_innerHTML_1.dat #15
1552	tests_innerHTML_1.dat #16
1553	tests_innerHTML_1.dat #17
1554	tests_innerHTML_1.dat #18
1555	tests_innerHTML_1.dat #19
1556	tests_innerHTML_1.dat #20
1574	tests_innerHTML_1.dat #38
1582	tests_innerHTML_1.dat #46
1583	tests_innerHTML_1.dat #47
1584	tests_innerHTML_1.dat #48
1585	tests_innerHTML_1.dat #49
1616	tests_innerHTML_1.dat #80
1617	tests_innerHTML_1.dat #81
1618	tests_innerHTML_1.dat #82
1619	tests_innerHTML_1.dat #83
1623	tricky01.dat #2
1634	webkit01.dat #4
1647	webkit01.dat #17
1655	webkit01.dat #25
1656	webkit01.dat #26
1659	webkit01.dat #29
1660	webkit01.dat #30
1665	webkit01.dat #35
1666	webkit01.dat #36
1670	webkit01.dat #40
1671	webkit01.dat #41
1672	webkit01.dat #42
1679	webkit01.dat #49
1684	webkit02.dat #5
1699	webkit02.dat #20
