# contentiones.tsv - tabula iudicis contentionum (T32 c, 2026-09-09): victor victa DISCRIMINANTES (victa sola + victor solus) victa-sola permille(victa sola / discriminantes) - plagulae pinnatae solae, statu e6866ffa (ante iudicem) mensurata; contentiones arcu eodem (subiectum/obiectum eiusdem verbi) non discriminant; regeneratio: python3 oratio/census/contentiones.py <mensura.tsv> -scribere (causa nominata)
umbra-subiectum-praecedente	umbra-subiectum-praecedente	913	123	134
umbra-subiectum-praecedente	umbra-subiectum-sequente	323	17	52
umbra-obiectum-verbi-praecedente-proximo	umbra-obiectum-verbi-sequente-proximo	160	31	193
umbra-obiectum-ablativi	umbra-obiectum-verbi-sequente-proximo	157	0	0
umbra-caput-sequente-proximo	umbra-obiectum-verbi-praecedente-proximo	125	118	944
umbra-subiectum-praecedente-proximo	umbra-caput-nominativus-sequente	71	17	239
umbra-subiectum-praecedente	umbra-caput-nominativus-sequente	64	12	187
umbra-subiectum-praecedente-proximo	umbra-caput-incerti-proprii-sequente	56	1	17
umbra-subiectum-praecedente-proximo	umbra-obiectum-verbi-sequente-proximo	50	10	200
umbra-caput-accusativus-sequente	umbra-caput-nominativus-sequente	48	32	666
umbra-caput-ablativus-sequente	umbra-caput-dativus-sequente	45	4	88
umbra-obiectum-verbi-sequente-proximo	umbra-obiectum-accusativi	36	35	972
umbra-caput-incerti-proprii-praecedente-proximo	umbra-subiectum-praecedente-proximo	34	29	852
umbra-caput-vocativus-praecedente	umbra-caput-genitivus-sequente	31	0	0
umbra-caput-vocativus-praecedente	umbra-caput-incerti-proprii-sequente	29	0	0
umbra-caput-sequente-proximo	umbra-obiectum-verbi-sequente-proximo	28	3	107
umbra-subiectum-praecedente-proximo	umbra-caput-nominativus-praecedente	27	12	444
umbra-caput-accusativus-sequente	umbra-subiectum-praecedente	26	4	153
umbra-obiectum-verbi-praecedente-proximo	umbra-caput-accusativus-sequente	23	16	695
umbra-subiectum-sequente	umbra-caput-nominativus-sequente	21	4	190
umbra-subiectum-sequente-proximo	umbra-subiectum-praecedente	21	3	142
umbra-obiectum-verbi-praecedente-proximo	umbra-obiectum-accusativi	20	2	100
umbra-subiectum-praecedente-proximo	umbra-subiectum-sequente-proximo	20	6	300
umbra-caput-sequente-proximo	umbra-subiectum-sequente-proximo	19	7	368
umbra-subiectum-sequente-proximo	umbra-subiectum-sequente	19	0	0
umbra-caput-praecedente-proximo	umbra-subiectum-praecedente-proximo	18	8	444
umbra-subiectum-sequente-proximo	umbra-obiectum-verbi-praecedente-proximo	16	10	625
umbra-caput-vocativus-praecedente	umbra-caput-ablativus-sequente	15	0	0
umbra-subiectum-praecedente	umbra-caput-nominativus-praecedente	14	1	71
umbra-caput-vocativus-praecedente	umbra-subiectum-praecedente	13	2	153
umbra-caput-dativus-praecedente	umbra-caput-dativus-sequente	12	0	0
umbra-caput-vocativus-praecedente	umbra-caput-incerti-proprii-praecedente	12	0	0
umbra-obiectum-verbi-praecedente-proximo	umbra-caput-accusativus-praecedente	12	8	666
umbra-caput-praecedente-proximo	umbra-obiectum-verbi-praecedente-proximo	11	5	454
umbra-obiectum-verbi-sequente-proximo	umbra-subiectum-praecedente	11	0	0
umbra-subiectum-sequente-proximo	umbra-caput-nominativus-praecedente	10	5	500
umbra-caput-incerti-proprii-sequente	umbra-subiectum-praecedente	9	0	0
umbra-caput-sequente-proximo	umbra-subiectum-praecedente-proximo	9	3	333
umbra-caput-nominativus-praecedente	umbra-caput-genitivus-praecedente	8	0	0
umbra-caput-vocativus-praecedente	umbra-caput-vocativus-praecedente	8	0	0
umbra-caput-vocativus-praecedente	umbra-subiectum-sequente	8	0	0
umbra-obiectum-verbi-sequente-proximo	umbra-caput-accusativus-sequente	8	8	1000
umbra-subiectum-sequente-proximo	umbra-caput-nominativus-sequente	8	3	375
umbra-caput-incerti-proprii-praecedente	umbra-subiectum-praecedente	7	6	857
umbra-caput-nominativus-sequente	umbra-caput-genitivus-praecedente	7	0	0
umbra-subiectum-sequente	umbra-subiectum-sequente	7	5	714
umbra-caput-accusativus-sequente	umbra-subiectum-sequente	6	4	666
umbra-caput-incerti-proprii-sequente-proximo	umbra-subiectum-sequente-proximo	6	4	666
umbra-obiectum-verbi-praecedente-proximo	umbra-obiectum-ignoti	6	0	0
umbra-subiectum-praecedente	umbra-caput-incerti-proprii-sequente	6	4	666
umbra-caput-incerti-proprii-praecedente-proximo	umbra-obiectum-verbi-praecedente-proximo	5	1	200
umbra-caput-incerti-proprii-sequente-proximo	umbra-obiectum-verbi-sequente-proximo	5	4	800
umbra-caput-ablativus-sequente	umbra-caput-nominativus-sequente	4	0	0
umbra-caput-accusativus-sequente	umbra-caput-incerti-proprii-sequente	4	0	0
umbra-caput-dativus-praecedente	umbra-caput-incerti-proprii-sequente	4	0	0
umbra-caput-incerti-proprii-sequente-proximo	umbra-caput-genitivus-praecedente	4	0	0
umbra-caput-nominativus-sequente	umbra-caput-incerti-proprii-sequente	4	2	500
umbra-caput-vocativus-praecedente	umbra-caput-nominativus-sequente	4	3	750
umbra-obiectum-verbi-praecedente-proximo	umbra-caput-incerti-proprii-sequente	4	0	0
umbra-obiectum-verbi-sequente-proximo	umbra-subiectum-sequente	4	0	0
umbra-subiectum-sequente	umbra-caput-nominativus-praecedente	4	3	750
umbra-caput-accusativus-sequente	umbra-caput-nominativus-praecedente	3	3	1000
umbra-caput-dativus-praecedente	umbra-caput-genitivus-sequente	3	1	333
umbra-caput-vocativus-praecedente	umbra-caput-nominativus-praecedente	3	2	666
umbra-obiectum-verbi-praecedente-proximo	umbra-obiectum-incerti-proprii	3	0	0
umbra-obiectum-verbi-sequente-proximo	umbra-caput-accusativus-praecedente	3	3	1000
umbra-subiectum-sequente-proximo	umbra-caput-incerti-proprii-praecedente	3	0	0
umbra-caput-ablativus-sequente	umbra-caput-incerti-proprii-sequente	2	0	0
umbra-caput-accusativus-sequente	umbra-caput-incerti-proprii-praecedente	2	0	0
umbra-caput-dativus-praecedente	umbra-caput-incerti-proprii-praecedente	2	0	0
umbra-caput-nominativus-praecedente	umbra-caput-incerti-proprii-praecedente	2	0	0
umbra-caput-vocativus-praecedente	umbra-caput-accusativus-sequente	2	1	500
umbra-obiectum-ignoti	umbra-obiectum-accusativi	2	1	500
umbra-obiectum-verbi-sequente-proximo	umbra-caput-incerti-proprii-sequente	2	0	0
umbra-subiectum-praecedente	umbra-caput-ablativus-sequente	2	0	0
umbra-subiectum-praecedente	umbra-caput-accusativus-praecedente	2	1	500
umbra-subiectum-praecedente	umbra-caput-incerti-proprii-praecedente	2	0	0
umbra-caput-ablativus-sequente	umbra-caput-nominativus-praecedente	1	0	0
umbra-caput-dativus-sequente	umbra-caput-incerti-proprii-praecedente	1	0	0
umbra-caput-dativus-sequente	umbra-caput-incerti-proprii-sequente	1	0	0
umbra-caput-incerti-proprii-sequente	umbra-subiectum-sequente	1	0	0
umbra-caput-incerti-proprii-sequente-proximo	umbra-caput-incerti-proprii-sequente	1	0	0
umbra-caput-nominativus-praecedente	umbra-caput-incerti-proprii-praecedente-proximo	1	0	0
umbra-caput-nominativus-sequente	umbra-caput-incerti-proprii-praecedente	1	0	0
umbra-caput-nominativus-sequente	umbra-subiectum-praecedente	1	1	1000
umbra-caput-praecedente-proximo	umbra-caput-praecedente-proximo	1	1	1000
umbra-caput-praecedente-proximo	umbra-obiectum-verbi-sequente-proximo	1	1	1000
umbra-caput-vocativus-praecedente	umbra-caput-genitivus-praecedente	1	0	0
umbra-obiectum-ablativi	umbra-obiectum-accusativi	1	0	0
umbra-obiectum-incerti-proprii	umbra-obiectum-verbi-sequente-proximo	1	0	0
umbra-obiectum-verbi-praecedente-proximo	umbra-caput-incerti-proprii-praecedente	1	0	0
umbra-obiectum-verbi-sequente-proximo	umbra-caput-incerti-proprii-praecedente	1	0	0
umbra-obiectum-verbi-sequente-proximo	umbra-obiectum-ignoti	1	1	1000
umbra-subiectum-praecedente	umbra-caput-ablativus-praecedente	1	0	0
umbra-subiectum-praecedente-proximo	umbra-caput-incerti-proprii-praecedente	1	1	1000
umbra-subiectum-sequente	umbra-caput-accusativus-praecedente	1	0	0
umbra-subiectum-sequente	umbra-caput-incerti-proprii-praecedente	1	0	0
umbra-subiectum-sequente	umbra-caput-incerti-proprii-sequente	1	1	1000
