# pondera.tsv - tabula ponderum decretoris (T38 b, 2026-09-15): contentiones et rectae per (regula, dialectus, forma, folliculus, valor) ex ordinibus LIS plagularum EDITIBILIUM (la_circse, la_llct) solis; scrinium numquam; regeneratio: python3 oratio/census/pondera.py <lites.tsv> -scribere (causa nominata); fons 4d71fa78 lites_t38a.tsv
regula	dialectus	forma	folliculus	valor	contentiones	rectae	permille
@caput+ante+proximo	-	-	-	-	273	63	230
@caput+ante+proximo	-	prosa	-	-	50	12	240
@caput+ante+proximo	-	versus	-	-	223	51	228
@caput+ante+proximo	classicus	-	-	-	248	54	217
@caput+ante+proximo	classicus	prosa	-	-	25	3	120
@caput+ante+proximo	classicus	versus	-	-	223	51	228
@caput+ante+proximo	medius	-	-	-	25	9	360
@caput+ante+proximo	medius	prosa	-	-	25	9	360
@caput+ante+remoto	-	-	-	-	1925	645	335
@caput+ante+remoto	-	prosa	-	-	1660	572	344
@caput+ante+remoto	-	versus	-	-	265	73	275
@caput+ante+remoto	classicus	-	-	-	283	75	265
@caput+ante+remoto	classicus	prosa	-	-	18	2	111
@caput+ante+remoto	classicus	versus	-	-	265	73	275
@caput+ante+remoto	medius	-	-	-	1642	570	347
@caput+ante+remoto	medius	prosa	-	-	1642	570	347
@caput+post+proximo	-	-	-	-	223	54	242
@caput+post+proximo	-	prosa	-	-	122	12	98
@caput+post+proximo	-	versus	-	-	101	42	415
@caput+post+proximo	classicus	-	-	-	106	42	396
@caput+post+proximo	classicus	prosa	-	-	5	0	0
@caput+post+proximo	classicus	versus	-	-	101	42	415
@caput+post+proximo	medius	-	-	-	117	12	102
@caput+post+proximo	medius	prosa	-	-	117	12	102
@caput+post+remoto	-	-	-	-	1388	57	41
@caput+post+remoto	-	prosa	-	-	1141	15	13
@caput+post+remoto	-	versus	-	-	247	42	170
@caput+post+remoto	classicus	-	-	-	269	44	163
@caput+post+remoto	classicus	prosa	-	-	22	2	90
@caput+post+remoto	classicus	versus	-	-	247	42	170
@caput+post+remoto	medius	-	-	-	1119	13	11
@caput+post+remoto	medius	prosa	-	-	1119	13	11
@obiectum+ante+proximo	-	-	-	-	175	172	982
@obiectum+ante+proximo	-	prosa	-	-	163	162	993
@obiectum+ante+proximo	-	versus	-	-	12	10	833
@obiectum+ante+proximo	classicus	-	-	-	14	12	857
@obiectum+ante+proximo	classicus	prosa	-	-	2	2	1000
@obiectum+ante+proximo	classicus	versus	-	-	12	10	833
@obiectum+ante+proximo	medius	-	-	-	161	160	993
@obiectum+ante+proximo	medius	prosa	-	-	161	160	993
@obiectum+ante+remoto	-	-	-	-	127	25	196
@obiectum+ante+remoto	-	prosa	-	-	112	18	160
@obiectum+ante+remoto	-	versus	-	-	15	7	466
@obiectum+ante+remoto	classicus	-	-	-	19	8	421
@obiectum+ante+remoto	classicus	prosa	-	-	4	1	250
@obiectum+ante+remoto	classicus	versus	-	-	15	7	466
@obiectum+ante+remoto	medius	-	-	-	108	17	157
@obiectum+ante+remoto	medius	prosa	-	-	108	17	157
@obiectum-verbi+ante+proximo	-	-	-	-	638	261	409
@obiectum-verbi+ante+proximo	-	prosa	-	-	156	81	519
@obiectum-verbi+ante+proximo	-	versus	-	-	482	180	373
@obiectum-verbi+ante+proximo	classicus	-	-	-	522	194	371
@obiectum-verbi+ante+proximo	classicus	prosa	-	-	40	14	350
@obiectum-verbi+ante+proximo	classicus	versus	-	-	482	180	373
@obiectum-verbi+ante+proximo	medius	-	-	-	116	67	577
@obiectum-verbi+ante+proximo	medius	prosa	-	-	116	67	577
@obiectum-verbi+ante+remoto	-	-	-	-	142	122	859
@obiectum-verbi+ante+remoto	-	prosa	-	-	2	0	0
@obiectum-verbi+ante+remoto	-	versus	-	-	140	122	871
@obiectum-verbi+ante+remoto	classicus	-	-	-	142	122	859
@obiectum-verbi+ante+remoto	classicus	prosa	-	-	2	0	0
@obiectum-verbi+ante+remoto	classicus	versus	-	-	140	122	871
@obiectum-verbi+post+proximo	-	-	-	-	713	123	172
@obiectum-verbi+post+proximo	-	prosa	-	-	343	49	142
@obiectum-verbi+post+proximo	-	versus	-	-	370	74	200
@obiectum-verbi+post+proximo	classicus	-	-	-	402	82	203
@obiectum-verbi+post+proximo	classicus	prosa	-	-	32	8	250
@obiectum-verbi+post+proximo	classicus	versus	-	-	370	74	200
@obiectum-verbi+post+proximo	medius	-	-	-	311	41	131
@obiectum-verbi+post+proximo	medius	prosa	-	-	311	41	131
@obiectum-verbi+post+remoto	-	-	-	-	14	1	71
@obiectum-verbi+post+remoto	-	prosa	-	-	13	1	76
@obiectum-verbi+post+remoto	-	versus	-	-	1	0	0
@obiectum-verbi+post+remoto	classicus	-	-	-	13	0	0
@obiectum-verbi+post+remoto	classicus	prosa	-	-	12	0	0
@obiectum-verbi+post+remoto	classicus	versus	-	-	1	0	0
@obiectum-verbi+post+remoto	medius	-	-	-	1	1	1000
@obiectum-verbi+post+remoto	medius	prosa	-	-	1	1	1000
@subiectum+ante+proximo	-	-	-	-	986	584	592
@subiectum+ante+proximo	-	prosa	-	-	519	415	799
@subiectum+ante+proximo	-	versus	-	-	467	169	361
@subiectum+ante+proximo	classicus	-	-	-	503	186	369
@subiectum+ante+proximo	classicus	prosa	-	-	36	17	472
@subiectum+ante+proximo	classicus	versus	-	-	467	169	361
@subiectum+ante+proximo	medius	-	-	-	483	398	824
@subiectum+ante+proximo	medius	prosa	-	-	483	398	824
@subiectum+ante+remoto	-	-	-	-	3586	455	126
@subiectum+ante+remoto	-	prosa	-	-	2954	288	97
@subiectum+ante+remoto	-	versus	-	-	632	167	264
@subiectum+ante+remoto	classicus	-	-	-	663	175	263
@subiectum+ante+remoto	classicus	prosa	-	-	31	8	258
@subiectum+ante+remoto	classicus	versus	-	-	632	167	264
@subiectum+ante+remoto	medius	-	-	-	2923	280	95
@subiectum+ante+remoto	medius	prosa	-	-	2923	280	95
@subiectum+post+proximo	-	-	-	-	344	91	264
@subiectum+post+proximo	-	prosa	-	-	90	9	100
@subiectum+post+proximo	-	versus	-	-	254	82	322
@subiectum+post+proximo	classicus	-	-	-	280	88	314
@subiectum+post+proximo	classicus	prosa	-	-	26	6	230
@subiectum+post+proximo	classicus	versus	-	-	254	82	322
@subiectum+post+proximo	medius	-	-	-	64	3	46
@subiectum+post+proximo	medius	prosa	-	-	64	3	46
@subiectum+post+remoto	-	-	-	-	1070	27	25
@subiectum+post+remoto	-	prosa	-	-	795	4	5
@subiectum+post+remoto	-	versus	-	-	275	23	83
@subiectum+post+remoto	classicus	-	-	-	282	26	92
@subiectum+post+remoto	classicus	prosa	-	-	7	3	428
@subiectum+post+remoto	classicus	versus	-	-	275	23	83
@subiectum+post+remoto	medius	-	-	-	788	1	1
@subiectum+post+remoto	medius	prosa	-	-	788	1	1
umbra-caput-ablativus-praecedente	-	-	-	-	15	0	0
umbra-caput-ablativus-praecedente	-	prosa	-	-	15	0	0
umbra-caput-ablativus-praecedente	classicus	-	-	-	1	0	0
umbra-caput-ablativus-praecedente	classicus	prosa	-	-	1	0	0
umbra-caput-ablativus-praecedente	medius	-	-	-	14	0	0
umbra-caput-ablativus-praecedente	medius	prosa	-	-	14	0	0
umbra-caput-ablativus-sequente	-	-	-	-	141	2	14
umbra-caput-ablativus-sequente	-	-	positio-numerus	0+singularis	15	0	0
umbra-caput-ablativus-sequente	-	-	positio-numerus	1+singularis	13	2	153
umbra-caput-ablativus-sequente	-	prosa	-	-	127	0	0
umbra-caput-ablativus-sequente	-	versus	-	-	14	2	142
umbra-caput-ablativus-sequente	classicus	-	-	-	15	2	133
umbra-caput-ablativus-sequente	classicus	-	positio-numerus	1+singularis	4	2	500
umbra-caput-ablativus-sequente	classicus	prosa	-	-	1	0	0
umbra-caput-ablativus-sequente	classicus	versus	-	-	14	2	142
umbra-caput-ablativus-sequente	medius	-	-	-	126	0	0
umbra-caput-ablativus-sequente	medius	-	positio-numerus	0+singularis	15	0	0
umbra-caput-ablativus-sequente	medius	-	positio-numerus	1+singularis	9	0	0
umbra-caput-ablativus-sequente	medius	prosa	-	-	126	0	0
umbra-caput-accusativus-praecedente	-	-	-	-	108	11	101
umbra-caput-accusativus-praecedente	-	prosa	-	-	68	1	14
umbra-caput-accusativus-praecedente	-	versus	-	-	40	10	250
umbra-caput-accusativus-praecedente	classicus	-	-	-	48	11	229
umbra-caput-accusativus-praecedente	classicus	prosa	-	-	8	1	125
umbra-caput-accusativus-praecedente	classicus	versus	-	-	40	10	250
umbra-caput-accusativus-praecedente	medius	-	-	-	60	0	0
umbra-caput-accusativus-praecedente	medius	prosa	-	-	60	0	0
umbra-caput-accusativus-sequente	-	-	-	-	195	39	200
umbra-caput-accusativus-sequente	-	prosa	-	-	106	3	28
umbra-caput-accusativus-sequente	-	versus	-	-	89	36	404
umbra-caput-accusativus-sequente	classicus	-	-	-	92	37	402
umbra-caput-accusativus-sequente	classicus	prosa	-	-	3	1	333
umbra-caput-accusativus-sequente	classicus	versus	-	-	89	36	404
umbra-caput-accusativus-sequente	medius	-	-	-	103	2	19
umbra-caput-accusativus-sequente	medius	prosa	-	-	103	2	19
umbra-caput-dativus-praecedente	-	-	-	-	17	1	58
umbra-caput-dativus-praecedente	-	prosa	-	-	13	0	0
umbra-caput-dativus-praecedente	-	versus	-	-	4	1	250
umbra-caput-dativus-praecedente	classicus	-	-	-	5	1	200
umbra-caput-dativus-praecedente	classicus	prosa	-	-	1	0	0
umbra-caput-dativus-praecedente	classicus	versus	-	-	4	1	250
umbra-caput-dativus-praecedente	medius	-	-	-	12	0	0
umbra-caput-dativus-praecedente	medius	prosa	-	-	12	0	0
umbra-caput-dativus-sequente	-	-	-	-	47	0	0
umbra-caput-dativus-sequente	-	prosa	-	-	42	0	0
umbra-caput-dativus-sequente	-	versus	-	-	5	0	0
umbra-caput-dativus-sequente	classicus	-	-	-	5	0	0
umbra-caput-dativus-sequente	classicus	versus	-	-	5	0	0
umbra-caput-dativus-sequente	medius	-	-	-	42	0	0
umbra-caput-dativus-sequente	medius	prosa	-	-	42	0	0
umbra-caput-genitivus-praecedente	-	-	-	-	13	0	0
umbra-caput-genitivus-praecedente	-	prosa	-	-	10	0	0
umbra-caput-genitivus-praecedente	-	versus	-	-	3	0	0
umbra-caput-genitivus-praecedente	classicus	-	-	-	3	0	0
umbra-caput-genitivus-praecedente	classicus	versus	-	-	3	0	0
umbra-caput-genitivus-praecedente	medius	-	-	-	10	0	0
umbra-caput-genitivus-praecedente	medius	prosa	-	-	10	0	0
umbra-caput-genitivus-sequente	-	-	-	-	34	2	58
umbra-caput-genitivus-sequente	-	prosa	-	-	25	0	0
umbra-caput-genitivus-sequente	-	versus	-	-	9	2	222
umbra-caput-genitivus-sequente	classicus	-	-	-	9	2	222
umbra-caput-genitivus-sequente	classicus	versus	-	-	9	2	222
umbra-caput-genitivus-sequente	medius	-	-	-	25	0	0
umbra-caput-genitivus-sequente	medius	prosa	-	-	25	0	0
umbra-caput-incerti-proprii-praecedente	-	-	-	-	56	0	0
umbra-caput-incerti-proprii-praecedente	-	prosa	-	-	38	0	0
umbra-caput-incerti-proprii-praecedente	-	versus	-	-	18	0	0
umbra-caput-incerti-proprii-praecedente	classicus	-	-	-	22	0	0
umbra-caput-incerti-proprii-praecedente	classicus	prosa	-	-	4	0	0
umbra-caput-incerti-proprii-praecedente	classicus	versus	-	-	18	0	0
umbra-caput-incerti-proprii-praecedente	medius	-	-	-	34	0	0
umbra-caput-incerti-proprii-praecedente	medius	prosa	-	-	34	0	0
umbra-caput-incerti-proprii-praecedente-proximo	-	-	-	-	162	127	783
umbra-caput-incerti-proprii-praecedente-proximo	-	-	numerus-capitis	pluralis	118	118	1000
umbra-caput-incerti-proprii-praecedente-proximo	-	-	positio-numerus	0+pluralis	28	0	0
umbra-caput-incerti-proprii-praecedente-proximo	-	-	positio-numerus	1+pluralis	118	118	1000
umbra-caput-incerti-proprii-praecedente-proximo	-	prosa	-	-	156	124	794
umbra-caput-incerti-proprii-praecedente-proximo	-	versus	-	-	6	3	500
umbra-caput-incerti-proprii-praecedente-proximo	classicus	-	-	-	9	3	333
umbra-caput-incerti-proprii-praecedente-proximo	classicus	prosa	-	-	3	0	0
umbra-caput-incerti-proprii-praecedente-proximo	classicus	versus	-	-	6	3	500
umbra-caput-incerti-proprii-praecedente-proximo	medius	-	-	-	153	124	810
umbra-caput-incerti-proprii-praecedente-proximo	medius	-	numerus-capitis	pluralis	118	118	1000
umbra-caput-incerti-proprii-praecedente-proximo	medius	-	positio-numerus	0+pluralis	28	0	0
umbra-caput-incerti-proprii-praecedente-proximo	medius	-	positio-numerus	1+pluralis	118	118	1000
umbra-caput-incerti-proprii-praecedente-proximo	medius	prosa	-	-	153	124	810
umbra-caput-incerti-proprii-sequente	-	-	-	-	170	15	88
umbra-caput-incerti-proprii-sequente	-	prosa	-	-	116	5	43
umbra-caput-incerti-proprii-sequente	-	versus	-	-	54	10	185
umbra-caput-incerti-proprii-sequente	classicus	-	-	-	59	10	169
umbra-caput-incerti-proprii-sequente	classicus	prosa	-	-	5	0	0
umbra-caput-incerti-proprii-sequente	classicus	versus	-	-	54	10	185
umbra-caput-incerti-proprii-sequente	medius	-	-	-	111	5	45
umbra-caput-incerti-proprii-sequente	medius	prosa	-	-	111	5	45
umbra-caput-incerti-proprii-sequente-proximo	-	-	-	-	20	8	400
umbra-caput-incerti-proprii-sequente-proximo	-	prosa	-	-	10	5	500
umbra-caput-incerti-proprii-sequente-proximo	-	versus	-	-	10	3	300
umbra-caput-incerti-proprii-sequente-proximo	classicus	-	-	-	15	3	200
umbra-caput-incerti-proprii-sequente-proximo	classicus	prosa	-	-	5	0	0
umbra-caput-incerti-proprii-sequente-proximo	classicus	versus	-	-	10	3	300
umbra-caput-incerti-proprii-sequente-proximo	medius	-	-	-	5	5	1000
umbra-caput-incerti-proprii-sequente-proximo	medius	prosa	-	-	5	5	1000
umbra-caput-nominativus-praecedente	-	-	-	-	258	25	96
umbra-caput-nominativus-praecedente	-	-	positio-numerus	0+pluralis	1	0	0
umbra-caput-nominativus-praecedente	-	-	positio-numerus	1+pluralis	1	1	1000
umbra-caput-nominativus-praecedente	-	prosa	-	-	169	2	11
umbra-caput-nominativus-praecedente	-	versus	-	-	89	23	258
umbra-caput-nominativus-praecedente	classicus	-	-	-	93	24	258
umbra-caput-nominativus-praecedente	classicus	prosa	-	-	4	1	250
umbra-caput-nominativus-praecedente	classicus	versus	-	-	89	23	258
umbra-caput-nominativus-praecedente	medius	-	-	-	165	1	6
umbra-caput-nominativus-praecedente	medius	-	positio-numerus	0+pluralis	1	0	0
umbra-caput-nominativus-praecedente	medius	-	positio-numerus	1+pluralis	1	1	1000
umbra-caput-nominativus-praecedente	medius	prosa	-	-	165	1	6
umbra-caput-nominativus-sequente	-	-	-	-	511	64	125
umbra-caput-nominativus-sequente	-	prosa	-	-	360	12	33
umbra-caput-nominativus-sequente	-	versus	-	-	151	52	344
umbra-caput-nominativus-sequente	classicus	-	-	-	159	53	333
umbra-caput-nominativus-sequente	classicus	prosa	-	-	8	1	125
umbra-caput-nominativus-sequente	classicus	versus	-	-	151	52	344
umbra-caput-nominativus-sequente	medius	-	-	-	352	11	31
umbra-caput-nominativus-sequente	medius	prosa	-	-	352	11	31
umbra-caput-praecedente-proximo	-	-	-	-	45	16	355
umbra-caput-praecedente-proximo	-	prosa	-	-	7	2	285
umbra-caput-praecedente-proximo	-	versus	-	-	38	14	368
umbra-caput-praecedente-proximo	classicus	-	-	-	38	14	368
umbra-caput-praecedente-proximo	classicus	versus	-	-	38	14	368
umbra-caput-praecedente-proximo	medius	-	-	-	7	2	285
umbra-caput-praecedente-proximo	medius	prosa	-	-	7	2	285
umbra-caput-sequente-proximo	-	-	-	-	201	34	169
umbra-caput-sequente-proximo	-	prosa	-	-	19	3	157
umbra-caput-sequente-proximo	-	versus	-	-	182	31	170
umbra-caput-sequente-proximo	classicus	-	-	-	201	34	169
umbra-caput-sequente-proximo	classicus	prosa	-	-	19	3	157
umbra-caput-sequente-proximo	classicus	versus	-	-	182	31	170
umbra-caput-vocativus-praecedente	-	-	-	-	192	13	67
umbra-caput-vocativus-praecedente	-	prosa	-	-	141	0	0
umbra-caput-vocativus-praecedente	-	versus	-	-	51	13	254
umbra-caput-vocativus-praecedente	classicus	-	-	-	52	13	250
umbra-caput-vocativus-praecedente	classicus	prosa	-	-	1	0	0
umbra-caput-vocativus-praecedente	classicus	versus	-	-	51	13	254
umbra-caput-vocativus-praecedente	medius	-	-	-	140	0	0
umbra-caput-vocativus-praecedente	medius	prosa	-	-	140	0	0
umbra-obiectum-ablativi	-	-	-	-	178	158	887
umbra-obiectum-ablativi	-	prosa	-	-	172	155	901
umbra-obiectum-ablativi	-	versus	-	-	6	3	500
umbra-obiectum-ablativi	classicus	-	-	-	10	5	500
umbra-obiectum-ablativi	classicus	prosa	-	-	4	2	500
umbra-obiectum-ablativi	classicus	versus	-	-	6	3	500
umbra-obiectum-ablativi	medius	-	-	-	168	153	910
umbra-obiectum-ablativi	medius	prosa	-	-	168	153	910
umbra-obiectum-accusativi	-	-	-	-	103	38	368
umbra-obiectum-accusativi	-	prosa	-	-	83	25	301
umbra-obiectum-accusativi	-	versus	-	-	20	13	650
umbra-obiectum-accusativi	classicus	-	-	-	23	15	652
umbra-obiectum-accusativi	classicus	prosa	-	-	3	2	666
umbra-obiectum-accusativi	classicus	versus	-	-	20	13	650
umbra-obiectum-accusativi	medius	-	-	-	80	23	287
umbra-obiectum-accusativi	medius	prosa	-	-	80	23	287
umbra-obiectum-ignoti	-	-	-	-	10	2	200
umbra-obiectum-ignoti	-	prosa	-	-	10	2	200
umbra-obiectum-ignoti	medius	-	-	-	10	2	200
umbra-obiectum-ignoti	medius	prosa	-	-	10	2	200
umbra-obiectum-incerti-proprii	-	-	-	-	15	1	66
umbra-obiectum-incerti-proprii	-	prosa	-	-	14	0	0
umbra-obiectum-incerti-proprii	-	versus	-	-	1	1	1000
umbra-obiectum-incerti-proprii	classicus	-	-	-	1	1	1000
umbra-obiectum-incerti-proprii	classicus	versus	-	-	1	1	1000
umbra-obiectum-incerti-proprii	medius	-	-	-	14	0	0
umbra-obiectum-incerti-proprii	medius	prosa	-	-	14	0	0
umbra-obiectum-verbi-praecedente-proximo	-	-	-	-	778	381	489
umbra-obiectum-verbi-praecedente-proximo	-	-	numerus-capitis	pluralis	62	15	241
umbra-obiectum-verbi-praecedente-proximo	-	-	numerus-capitis	singularis	282	74	262
umbra-obiectum-verbi-praecedente-proximo	-	-	positio-numerus	1+pluralis	297	55	185
umbra-obiectum-verbi-praecedente-proximo	-	-	positio-numerus	1+singularis	451	300	665
umbra-obiectum-verbi-praecedente-proximo	-	prosa	-	-	156	79	506
umbra-obiectum-verbi-praecedente-proximo	-	versus	-	-	622	302	485
umbra-obiectum-verbi-praecedente-proximo	classicus	-	-	-	663	315	475
umbra-obiectum-verbi-praecedente-proximo	classicus	-	numerus-capitis	pluralis	56	11	196
umbra-obiectum-verbi-praecedente-proximo	classicus	-	numerus-capitis	singularis	248	47	189
umbra-obiectum-verbi-praecedente-proximo	classicus	-	positio-numerus	1+pluralis	247	46	186
umbra-obiectum-verbi-praecedente-proximo	classicus	-	positio-numerus	1+singularis	413	269	651
umbra-obiectum-verbi-praecedente-proximo	classicus	prosa	-	-	41	13	317
umbra-obiectum-verbi-praecedente-proximo	classicus	versus	-	-	622	302	485
umbra-obiectum-verbi-praecedente-proximo	medius	-	-	-	115	66	573
umbra-obiectum-verbi-praecedente-proximo	medius	-	numerus-capitis	pluralis	6	4	666
umbra-obiectum-verbi-praecedente-proximo	medius	-	numerus-capitis	singularis	34	27	794
umbra-obiectum-verbi-praecedente-proximo	medius	-	positio-numerus	1+pluralis	50	9	180
umbra-obiectum-verbi-praecedente-proximo	medius	-	positio-numerus	1+singularis	38	31	815
umbra-obiectum-verbi-praecedente-proximo	medius	prosa	-	-	115	66	573
umbra-obiectum-verbi-sequente-proximo	-	-	-	-	725	124	171
umbra-obiectum-verbi-sequente-proximo	-	-	numerus-capitis	pluralis	70	17	242
umbra-obiectum-verbi-sequente-proximo	-	-	numerus-capitis	singularis	494	81	163
umbra-obiectum-verbi-sequente-proximo	-	-	positio-numerus	0+pluralis	192	80	416
umbra-obiectum-verbi-sequente-proximo	-	-	positio-numerus	0+singularis	265	43	162
umbra-obiectum-verbi-sequente-proximo	-	prosa	-	-	354	50	141
umbra-obiectum-verbi-sequente-proximo	-	versus	-	-	371	74	199
umbra-obiectum-verbi-sequente-proximo	classicus	-	-	-	415	82	197
umbra-obiectum-verbi-sequente-proximo	classicus	-	numerus-capitis	pluralis	50	10	200
umbra-obiectum-verbi-sequente-proximo	classicus	-	numerus-capitis	singularis	273	48	175
umbra-obiectum-verbi-sequente-proximo	classicus	-	positio-numerus	0+pluralis	139	39	280
umbra-obiectum-verbi-sequente-proximo	classicus	-	positio-numerus	0+singularis	247	42	170
umbra-obiectum-verbi-sequente-proximo	classicus	prosa	-	-	44	8	181
umbra-obiectum-verbi-sequente-proximo	classicus	versus	-	-	371	74	199
umbra-obiectum-verbi-sequente-proximo	medius	-	-	-	310	42	135
umbra-obiectum-verbi-sequente-proximo	medius	-	numerus-capitis	pluralis	20	7	350
umbra-obiectum-verbi-sequente-proximo	medius	-	numerus-capitis	singularis	221	33	149
umbra-obiectum-verbi-sequente-proximo	medius	-	positio-numerus	0+pluralis	53	41	773
umbra-obiectum-verbi-sequente-proximo	medius	-	positio-numerus	0+singularis	18	1	55
umbra-obiectum-verbi-sequente-proximo	medius	prosa	-	-	310	42	135
umbra-subiectum-praecedente	-	-	-	-	5484	1111	202
umbra-subiectum-praecedente	-	-	numerus-capitis	pluralis	1113	125	112
umbra-subiectum-praecedente	-	-	numerus-capitis	singularis	1276	19	14
umbra-subiectum-praecedente	-	-	positio-numerus	0+singularis	45	22	488
umbra-subiectum-praecedente	-	-	positio-numerus	1+pluralis	1277	267	209
umbra-subiectum-praecedente	-	-	positio-numerus	1+singularis	2406	257	106
umbra-subiectum-praecedente	-	prosa	-	-	4658	868	186
umbra-subiectum-praecedente	-	versus	-	-	826	243	294
umbra-subiectum-praecedente	classicus	-	-	-	859	251	292
umbra-subiectum-praecedente	classicus	-	numerus-capitis	pluralis	25	3	120
umbra-subiectum-praecedente	classicus	-	numerus-capitis	singularis	350	17	48
umbra-subiectum-praecedente	classicus	-	positio-numerus	0+singularis	44	22	500
umbra-subiectum-praecedente	classicus	-	positio-numerus	1+pluralis	48	16	333
umbra-subiectum-praecedente	classicus	-	positio-numerus	1+singularis	685	203	296
umbra-subiectum-praecedente	classicus	prosa	-	-	33	8	242
umbra-subiectum-praecedente	classicus	versus	-	-	826	243	294
umbra-subiectum-praecedente	medius	-	-	-	4625	860	185
umbra-subiectum-praecedente	medius	-	numerus-capitis	pluralis	1088	122	112
umbra-subiectum-praecedente	medius	-	numerus-capitis	singularis	926	2	2
umbra-subiectum-praecedente	medius	-	positio-numerus	0+singularis	1	0	0
umbra-subiectum-praecedente	medius	-	positio-numerus	1+pluralis	1229	251	204
umbra-subiectum-praecedente	medius	-	positio-numerus	1+singularis	1721	54	31
umbra-subiectum-praecedente	medius	prosa	-	-	4625	860	185
umbra-subiectum-praecedente-proximo	-	-	-	-	757	394	520
umbra-subiectum-praecedente-proximo	-	-	numerus-capitis	pluralis	182	151	829
umbra-subiectum-praecedente-proximo	-	-	numerus-capitis	singularis	295	97	328
umbra-subiectum-praecedente-proximo	-	-	positio-numerus	1+pluralis	208	157	754
umbra-subiectum-praecedente-proximo	-	-	positio-numerus	1+singularis	549	237	431
umbra-subiectum-praecedente-proximo	-	prosa	-	-	368	271	736
umbra-subiectum-praecedente-proximo	-	versus	-	-	389	123	316
umbra-subiectum-praecedente-proximo	classicus	-	-	-	429	140	326
umbra-subiectum-praecedente-proximo	classicus	-	numerus-capitis	pluralis	58	31	534
umbra-subiectum-praecedente-proximo	classicus	-	numerus-capitis	singularis	231	68	294
umbra-subiectum-praecedente-proximo	classicus	-	positio-numerus	1+pluralis	82	36	439
umbra-subiectum-praecedente-proximo	classicus	-	positio-numerus	1+singularis	347	104	299
umbra-subiectum-praecedente-proximo	classicus	prosa	-	-	40	17	425
umbra-subiectum-praecedente-proximo	classicus	versus	-	-	389	123	316
umbra-subiectum-praecedente-proximo	medius	-	-	-	328	254	774
umbra-subiectum-praecedente-proximo	medius	-	numerus-capitis	pluralis	124	120	967
umbra-subiectum-praecedente-proximo	medius	-	numerus-capitis	singularis	64	29	453
umbra-subiectum-praecedente-proximo	medius	-	positio-numerus	1+pluralis	126	121	960
umbra-subiectum-praecedente-proximo	medius	-	positio-numerus	1+singularis	202	133	658
umbra-subiectum-praecedente-proximo	medius	prosa	-	-	328	254	774
umbra-subiectum-sequente	-	-	-	-	1077	45	41
umbra-subiectum-sequente	-	-	numerus-capitis	pluralis	149	1	6
umbra-subiectum-sequente	-	-	numerus-capitis	singularis	713	21	29
umbra-subiectum-sequente	-	-	positio-numerus	0+pluralis	153	2	13
umbra-subiectum-sequente	-	-	positio-numerus	0+singularis	880	25	28
umbra-subiectum-sequente	-	prosa	-	-	797	22	27
umbra-subiectum-sequente	-	versus	-	-	280	23	82
umbra-subiectum-sequente	classicus	-	-	-	288	26	90
umbra-subiectum-sequente	classicus	-	numerus-capitis	pluralis	23	1	43
umbra-subiectum-sequente	classicus	-	numerus-capitis	singularis	225	21	93
umbra-subiectum-sequente	classicus	-	positio-numerus	0+pluralis	25	1	40
umbra-subiectum-sequente	classicus	-	positio-numerus	0+singularis	261	25	95
umbra-subiectum-sequente	classicus	prosa	-	-	8	3	375
umbra-subiectum-sequente	classicus	versus	-	-	280	23	82
umbra-subiectum-sequente	medius	-	-	-	789	19	24
umbra-subiectum-sequente	medius	-	numerus-capitis	pluralis	126	0	0
umbra-subiectum-sequente	medius	-	numerus-capitis	singularis	488	0	0
umbra-subiectum-sequente	medius	-	positio-numerus	0+pluralis	128	1	7
umbra-subiectum-sequente	medius	-	positio-numerus	0+singularis	619	0	0
umbra-subiectum-sequente	medius	prosa	-	-	789	19	24
umbra-subiectum-sequente-proximo	-	-	-	-	292	69	236
umbra-subiectum-sequente-proximo	-	-	numerus-capitis	pluralis	39	14	358
umbra-subiectum-sequente-proximo	-	-	numerus-capitis	singularis	164	34	207
umbra-subiectum-sequente-proximo	-	-	positio-numerus	0+pluralis	52	14	269
umbra-subiectum-sequente-proximo	-	-	positio-numerus	0+singularis	240	55	229
umbra-subiectum-sequente-proximo	-	prosa	-	-	86	9	104
umbra-subiectum-sequente-proximo	-	versus	-	-	206	60	291
umbra-subiectum-sequente-proximo	classicus	-	-	-	232	66	284
umbra-subiectum-sequente-proximo	classicus	-	numerus-capitis	pluralis	29	14	482
umbra-subiectum-sequente-proximo	classicus	-	numerus-capitis	singularis	117	34	290
umbra-subiectum-sequente-proximo	classicus	-	positio-numerus	0+pluralis	42	14	333
umbra-subiectum-sequente-proximo	classicus	-	positio-numerus	0+singularis	190	52	273
umbra-subiectum-sequente-proximo	classicus	prosa	-	-	26	6	230
umbra-subiectum-sequente-proximo	classicus	versus	-	-	206	60	291
umbra-subiectum-sequente-proximo	medius	-	-	-	60	3	50
umbra-subiectum-sequente-proximo	medius	-	numerus-capitis	pluralis	10	0	0
umbra-subiectum-sequente-proximo	medius	-	numerus-capitis	singularis	47	0	0
umbra-subiectum-sequente-proximo	medius	-	positio-numerus	0+pluralis	10	0	0
umbra-subiectum-sequente-proximo	medius	-	positio-numerus	0+singularis	50	3	60
umbra-subiectum-sequente-proximo	medius	prosa	-	-	60	3	50
